user,tanggal,bahasa,isi,polarity,sentiment
474738509,2022-03-20 10:59:59+00:00,in,RT dirs Setelah pagelaran Moto GP Mandalika sukses semoga berikutnya Formula E juga sukses Di sini sukses di sana sukses diman,0.0,netral
61046197,2022-03-20 10:59:59+00:00,en,MotoGP BabyBali Token BB REAL PROJECT TOURISM SECTOR SC 0x16f9cc3c6F8d8006cfc0ee693CeF9D76b0d44C36 Why choose BB Crypto Real Project amp Utility Real Discount Hotel Cafe Etc Doxxed Dev Safu Website babybalibsc BabyBaliArmy,0.20000000000000004,positif
1460635615578374146,2022-03-20 10:59:59+00:00,in,Tbk XL Axiata Bersama Juara di Mandalika JadiLebihBaik JuaradiMandalika 2 160,0.0,netral
2579721385,2022-03-20 10:59:59+00:00,in,Baru nyampe dimari dari Mandalika,0.0,netral
1460635615578374146,2022-03-20 10:59:59+00:00,in,Tbk XL Axiata Bersama Juara di Mandalika JadiLebihBaik JuaradiMandalika 2 159,0.0,netral
854715487,2022-03-20 10:59:59+00:00,tl,ggwp,0.0,netral
1451755703635382272,2022-03-20 10:59:59+00:00,und,yesssss,0.0,netral
203033498,2022-03-20 10:59:58+00:00,in,9 Ayo Pepet terus jangan cuma nanya nama Semangatt,0.0,netral
1504606522273280006,2022-03-20 10:59:58+00:00,in,RT Marc Marquez crash di Mandalika apakah ban Michelin penyebabnya Chekidot the video MotoGP,0.0,netral
1416916293425328130,2022-03-20 10:59:58+00:00,in,RT Pendapatku mengenai Pawang Hujan emak emak di MotoGP Mandalika Memalukan Engga juga For me it s a MARKETING thing Th,0.0,netral
1455942401009225728,2022-03-20 10:59:58+00:00,in,RT Hujan turun di Mandalika sebelum laga MotoGP Saya pun ke paddock sirkuit bertanya ke CEO Dorna Sports Carmelo Ezpeleta hujan,0.0,netral
268695249,2022-03-20 10:59:58+00:00,in,RT post Misteri dibalik tikungan 13 Mandalika Yg membuat marquez amp alex rins peserta MotoGP glangsar,0.0,netral
1039696310,2022-03-20 10:59:57+00:00,in,RT indo Meskipun masih banyak kekurangan dan dengan cuaca ekstrim Indonesia bisa dibilang sukses dalam penyelenggaraan MotoGP di,0.0,netral
1380009631372640258,2022-03-20 10:59:57+00:00,in,RT MotoGP Mandalika harus dilalui dengan turunnya hujan yang cukup lebat Padahal tim khusus sudah diterjunkan untuk memodifikas,0.0,netral
1490870715821670401,2022-03-20 10:59:57+00:00,in,no you stupid jangan menormalisasi kebodohan jangan mimpi mau jadi negara maju kalo masih percaya dengan klenik dan perdukunan wkwk,-0.7999999999999999,negatif
58778142,2022-03-20 10:59:57+00:00,in,RT Selain teknologi modifikasi cuaca jasa pawang hujan juga diterjunkan untuk mengantisipasi hujan jelang race MotoGP Mandal,0.0,netral
1293885630854774784,2022-03-20 10:59:56+00:00,in,RT nakula Biar kadrun senang bilang aja kalo pemenang MotoGP Mandalika seorang mualaf namanya Muhammad Oliviera,0.0,netral
1056271661849370626,2022-03-20 10:59:55+00:00,es,PRESS RELEASE Fue mi primera carrera bajo la lluvia en el Campeonato del Mundo as que aprend mucho hoy Tenemos una moto que gan hoy bajo la lluvia con Miguel Oliveira,0.0,netral
63629656,2022-03-20 10:59:55+00:00,in,Sinyal sudah 5G di Mandalika tapi masih saja ada pawang,0.0,netral
1273823706,2022-03-20 10:59:55+00:00,en,RT AWESOME from moliveira88 A wet weather Mandalika masterclass from Miguel IndonesianGP,0.45,positif
1430426526676250633,2022-03-20 10:59:55+00:00,in,MotoGP Mau gmn lg,0.0,netral
1187376146234642433,2022-03-20 10:59:54+00:00,fr,C est une image officielle de la pass e dans le broadcast international diffus e par Canal et les autres cha nes ayant les droits donc ce n est pas fake,-0.25,negatif
836764482,2022-03-20 10:59:53+00:00,in,RT ID Oliviera dedikasikan kemenangannya di mandalikaGP untuk Richman Risman staf hotel tempatnya menginap selama di Mandalika,0.0,netral
988397067998380034,2022-03-20 10:59:53+00:00,en,so damn sexy,0.5,positif
800312861582995456,2022-03-20 10:59:53+00:00,in,RT Semula Mencibir Kini Terpana dgn Kesaktian Pawang Hujan MotoGPMandalika Sesaat kemudian setelah pawang melaukan ritual,0.0,netral
1010540903209947136,2022-03-20 10:59:53+00:00,in,Hanya di Indonesia,0.0,netral
48314016,2022-03-20 10:59:53+00:00,in,RT 2211 Moto GP Mandalika sukses membuat Indonesia bangga amp menjadi sorotan dunia Kadrun amp oposisi bejat tdk suka Prestasi ini d,0.0,netral
192255541,2022-03-20 10:59:52+00:00,ja,w F1 motoGP,0.0,netral
299000757,2022-03-20 10:59:51+00:00,tl,Iloveyou lord Rara,0.0,netral
1460635615578374146,2022-03-20 10:59:51+00:00,in,Tbk XL Axiata Bersama Juara di Mandalika JadiLebihBaik JuaradiMandalika 2 158,0.0,netral
340759437,2022-03-20 10:59:51+00:00,in,Hak siar MotoGP di TV berbayar dipegang sama Indonesia sdgkn hanya di TV terestrial UHF,0.0,netral
3229983116,2022-03-20 10:59:51+00:00,in,RT Ada yg posting Anies datang ga ke Mandalika disertai kalimat ngenye Lalu dijwb dgn video ini Lalu mrk masih juga me,0.0,netral
1460635615578374146,2022-03-20 10:59:51+00:00,in,Tbk XL Axiata Bersama Juara di Mandalika JadiLebihBaik JuaradiMandalika 2 157,0.0,netral
1460635615578374146,2022-03-20 10:59:51+00:00,in,Tbk XL Axiata Bersama Juara di Mandalika JadiLebihBaik JuaradiMandalika 2 156,0.0,netral
1471842429049339905,2022-03-20 10:59:50+00:00,in,RT inilah Indonesia ragam budaya dan doa mohon pada Tuhan untuk redakan hujan Mandalika motor GP Nyatanya hujan reda d,0.0,netral
2878174530,2022-03-20 10:59:50+00:00,und,nan,0.0,netral
1302567027832487938,2022-03-20 10:59:50+00:00,en,Let s Goo moliveira88,0.0,netral
4843529163,2022-03-20 10:59:50+00:00,it,MotoGP GPIndonesia Marquez Uno degli incidenti pi brutti che abbia mai avuto,0.0,netral
1380009631372640258,2022-03-20 10:59:50+00:00,in,RT Menjelang puncak balapan MotoGP 2022 di Sirkuit Mandalika sesaat lagi,0.0,netral
1149091867595722753,2022-03-20 10:59:49+00:00,in,RT Perdana18 Setelah 25 tahun Rossi pensiun Marc Marquez 93 gagal race hujan delay pawang hujan race MotoGP akhirnya selesai jug,0.0,netral
892000443861225472,2022-03-20 10:59:49+00:00,en,RT MotoGP RACE moliveira88 IS THE MAN IN MANDALIKA IndonesianGP,0.0,netral
1316360715511316485,2022-03-20 10:59:48+00:00,in,lg nunggu berita marc marquez jatuh terus di mandalika begini tanggapan lesti,0.0,netral
42334728,2022-03-20 10:59:48+00:00,in,RT Miguel Oliviera usai dapat podium di MotoGP Mandalika Saya berikan trofi ini untuk anak perempuan saya saya berjanj,0.0,netral
1433112048628482049,2022-03-20 10:59:47+00:00,in,Harusnya yg di panggil ke Mandalika Avatar sesungguhnya bukan kw kw Pengendali angin hujan dan petir,0.0,netral
90326589,2022-03-20 10:59:47+00:00,in,Silalahi Sukses sukses sukses mandalika sukses di gelar,0.0,netral
462046176,2022-03-20 10:59:47+00:00,in,Gue sih bangga Bangga banget,0.0,netral
2329415510,2022-03-20 10:59:47+00:00,en,Thor,0.0,netral
2245990644,2022-03-20 10:59:46+00:00,in,Simon ini sapa sih Dr kemaren twitnya kek mau memberitakan mandalika gp ini gagal minta di serang nih bule,0.0,netral
1490870715821670401,2022-03-20 10:59:46+00:00,in,no jangan menormalisasi kebodohan jangan mimpi mau jadi negara maju kalo masih percaya dengan klenik dan perdukunan wkwk,0.0,netral
117696292,2022-03-20 10:59:45+00:00,in,RT para rider Moto GP terpantau melewati jalan pintas di Sirkuit Mandalika,0.0,netral
66965002,2022-03-20 10:59:45+00:00,in,RT 8002 Kadrun nyinyir ada ritual pawang hujan di Moto GP Mandalika Padahal dulu era SBY tiap kunjungan ke daerah ini pleciden l,0.0,netral
327084900,2022-03-20 10:59:45+00:00,in,RT MotoGP Mandalika menjawab pertanyaan Ibu Megawati bahwa ga seMUa Ibu Ibu di Indonesia itu kerjaannya cuma menggoreng ada j,0.0,netral
866986080418938880,2022-03-20 10:59:44+00:00,in,Jaya9 Mungkin itu salah satu syarat dari pengelola mandalika supaya Anggaran pawangnya terbukti berkerja,0.0,netral
873888717731016704,2022-03-20 10:59:43+00:00,en,MotoGP tolol,0.0,netral
1333787814069039108,2022-03-20 10:59:43+00:00,in,Pagelaran motoGP sukses digelar tanpa kendala berarti semua ini atas kerja keras pakde Jokowi NKRI jadi terkenal di dunia i Jokowi NKRIDeathRice Euforia kolam empang today,0.0,netral
899597703058817024,2022-03-20 10:59:43+00:00,in,dumdum yanto Semoga seusai perhelatan MotoGP Mandalika menjadi destinasi wisata yg memberi manfaat untuk warga NTB,0.0,netral
1018023895922761729,2022-03-20 10:59:43+00:00,in,Ketinggalan berita looo redaksi Tempo Mandalika Motogp sukses besar hotel penuh semua warga NTB semua senang fulus datang luar biasa Pak kerennnn,0.0,netral
1474173257142005768,2022-03-20 10:59:43+00:00,in,Klo sampai itu ujan beneran berhenti seketika Jangan heran sehabis pagelaran MotoGP Marquez balik belajar jadi pawang hujan,0.0,netral
105694720,2022-03-20 10:59:43+00:00,in,Congrats teman sejawat,0.0,netral
470325841,2022-03-20 10:59:42+00:00,in,hayukk tahun depan ke mandalika,0.0,netral
482816845,2022-03-20 10:59:42+00:00,in,RT RISMAN karyawan hotel yg disebut kebaikannya oleh sang juara di Sirkuit Mandalika setelah ini pasti akan diuber2 Media,0.0,netral
619877668,2022-03-20 10:59:41+00:00,in,RT Pantes Rossi nggak ke Mandalika,0.0,netral
1238647347610935296,2022-03-20 10:59:41+00:00,in,alhamdulilah terlepas apapun ya,0.0,netral
2311574922,2022-03-20 10:59:41+00:00,in,RT Race Director MotoGP Loris Capirossi takjub dan terkejut melihat kepiawaian pawang hujan di Sirkuit Mandalika,0.0,netral
548975987,2022-03-20 10:59:40+00:00,en,P2 What a day,0.0,netral
1460635615578374146,2022-03-20 10:59:40+00:00,in,Tbk XL Axiata Bersama Juara di Mandalika JadiLebihBaik JuaradiMandalika 2 155,0.0,netral
2359406772,2022-03-20 10:59:40+00:00,in,Belum balapan aja udah ngeri duluan IndonesianGP,0.0,netral
313192451,2022-03-20 10:59:40+00:00,en,Huge crowds turn out for funeral of Israeli ultra Orthodox rabbi PasigLaban IndonesianGP MotoGP,0.10000000000000003,positif
1460635615578374146,2022-03-20 10:59:40+00:00,in,Tbk XL Axiata Bersama Juara di Mandalika JadiLebihBaik JuaradiMandalika 2 154,0.0,netral
790616377,2022-03-20 10:59:40+00:00,in,KADRUN mah sirik bukan malu malu karena bokek nggak bisa nonton ke MANDALIKA seluruh dunia punya BUDAYA DAN CARA HIDUP MASING MASING kenapa MALU KADRUN aja KENCING SEMBARANGAN DAN SHOLAT TENGAH JALAN nggak malu,0.0,netral
1657205330,2022-03-20 10:59:39+00:00,in,MotoGP Mandalika Alhamdulillah lancar Kita Akan di sugguhkan Kembali oleh Formula E di Jakarta Indonesia hebat Sirkuit Formula E Sirkuit MotoGP,0.0,netral
61046197,2022-03-20 10:59:38+00:00,en,BabyBali Token BB REAL PROJECT TOURISM SECTOR SC 0x16f9cc3c6F8d8006cfc0ee693CeF9D76b0d44C36 Why choose BB Crypto Real Project amp Utility Real Discount Hotel Cafe Etc Doxxed Dev Safu Website babybalibsc BabyBaliArmy,0.20000000000000004,positif
78909305,2022-03-20 10:59:38+00:00,in,RT Untuk Risman Rider KTM Miguel Oliveira mendedikasikan kemenangan MotoGP Mandalika 2022 untuk staf hotel Risman Oliveira,0.0,netral
1005337620,2022-03-20 10:59:38+00:00,in,RT macho Ini bukti hasil karya jkw yg ruaaar binasaaah nama Indonesia terkenal didunia krn mandalika,0.0,netral
322368244,2022-03-20 10:59:37+00:00,in,RT Pembalap Red Bull KTM Miguel Oliveira memenangi MotoGP Mandalika 2022 Di belakangnya ada duo Perancis Fabio Quartararo da,0.0,netral
924887740847501312,2022-03-20 10:59:37+00:00,en,i have no words,0.0,netral
1433424494350143496,2022-03-20 10:59:37+00:00,in,Beneran berhenti gak ujannya,0.0,netral
2949895302,2022-03-20 10:59:37+00:00,en,RT Genuinely amazed the race went ahead after seeing this based on what we saw at WSB There might be issues at Mandalika but dr,0.4,positif
1189554237622980608,2022-03-20 10:59:36+00:00,in,Sorry bukan black magic ya si pawang hujan ini juga bertuhan dia berhasil melakukan ritual atas ijin tuhan,-0.055555555555555546,negatif
165741578,2022-03-20 10:59:36+00:00,in,Koncoku akeh seng budal ndek Mandalika ternyata arek sastra ae seng ketok enek 3 Seng gak sastra 2 Gaya koncon konco iki,0.0,netral
3036461880,2022-03-20 10:59:36+00:00,in,RT Balapan yg cukup liar di Mandalika Terlepas kurang dan lebihnya ikut bangga Indonesia bisa menggelar event dunia se,0.0,netral
1280561499191140352,2022-03-20 10:59:36+00:00,in,apa cuma gue yang mikir ini mirip the medium,0.0,netral
2500346192,2022-03-20 10:59:36+00:00,in,RT Sirkuit Mandalika menjadi tuan rumah ajang balap motor MotoGP 2022 Menteri BUMN mengeklaim event tsb berhas,0.0,netral
1436695983409156097,2022-03-20 10:59:35+00:00,ht,ar Fans madrid pasti,0.0,netral
550919720,2022-03-20 10:59:35+00:00,en,RT team Tough IndonesianGP for at wet Mandalika,-0.24444444444444446,negatif
1647376118,2022-03-20 10:59:34+00:00,tl,haha,0.2,positif
1220763340001050629,2022-03-20 10:59:34+00:00,in,Ibu ibu apakah kegiatannya hanya menggoreng saja Ibu ibu,0.0,netral
249539422,2022-03-20 10:59:33+00:00,in,Saya rekomendasikan pakai pawang yg di pakai MotoGP Mandalika,0.0,netral
944551919514615809,2022-03-20 10:59:33+00:00,in,RT Ngapapa rakyat bodoh yang penting Jokowi kesohor Uang Negara Rp 2 5 T Demi MotoGP Mandalika Setara Beasiswa 200 Ribu Mah,0.0,netral
1380009631372640258,2022-03-20 10:59:33+00:00,in,RT MotoGP Mandalika Diguyur Hujan Pawang Hujan Istiati Masuk Sirkuit,0.0,netral
39677695,2022-03-20 10:59:32+00:00,in,Suasana hari ke 3 Pertamina Grand Prix of Indonesia di Sirkuit Mandalika Lombok Tengah Nusa Tenggara Barat Minggu 20 Maret 2022 Berikut GNFI sajikan potret langsung dari Pertamina Mandalika International Street Circuit Foto Febriansyah TP GNFI MotoGP,0.25,positif
2917435673,2022-03-20 10:59:32+00:00,in,RT Kata Koloni Gurun Motogp Mandalika sepi tapiii junjungannya gabener malah nonton,0.0,netral
1460635615578374146,2022-03-20 10:59:31+00:00,in,Tbk XL Axiata Bersama Juara di Mandalika JadiLebihBaik JuaradiMandalika 2 153,0.0,netral
1357026613255417858,2022-03-20 10:59:31+00:00,en,pedroacosta Racing KTM Ajo es Great recovery and ride today bro OnwardsAndUpwards,0.8,positif
1292409966997905408,2022-03-20 10:59:30+00:00,it,RT MotoGP fulmine in pista e danza della pioggia cose mai viste a Mandalika SkyMotori SkyMotoGP MotoGP IndonesianGP,0.0,netral
123610878,2022-03-20 10:59:30+00:00,in,RT Siapa nih yang kemaren2 bilang MotoGP sepi Lah penuh gitu,0.0,netral
1059209822,2022-03-20 10:59:30+00:00,in,indo Nah ini yang gua pengin selama ini Triple Header di MotoGP terutama Asia itu Australia Jepang amp Malaysia Siapa tau kalau dapet kontrak jangka panjang Triple Header nya diganti Mandalika Sepang amp Buriram Apalagi ketiga sirkuit dalam satu region yang sama,0.0,netral
336456822,2022-03-20 10:59:30+00:00,en,RT shin awww how sweet he is this is why i adore him so much bahkan dia thanks to staff hotel di mandalika pak Risman beneran,0.2875,positif
1149091867595722753,2022-03-20 10:59:29+00:00,in,RT Marc Marquez Terpelanting di Tikungan 7 Sirkuit Mandalika,0.0,netral
1307315692186644481,2022-03-20 10:59:29+00:00,in,WKWKWKWK,0.0,netral
472728213,2022-03-20 10:59:28+00:00,en,RT Because we have to buy banyak tiket not only for seat Pesawat if we far from mandalika for transport lain jika per,0.05,positif
1091893710,2022-03-20 10:59:28+00:00,in,Gak bisa di Mandalika Tp kabarnya Sirkuit F1 bakal dibuat di Bintan,0.0,netral
1490870715821670401,2022-03-20 10:59:28+00:00,in,jangan menormalisasi kebodohan jangan mimpi mau jadi negara maju kalo masih percaya dengan klenik dan perdukunan wkwk,0.0,netral
2400838861,2022-03-20 10:59:28+00:00,in,RT Mbok Rara Isti Wulandari pawang hujan dan Mas Risman kolega juara MotoGP Mandalika bakal menghiasi TV Cetak dan You,0.0,netral
791921189710991361,2022-03-20 10:59:28+00:00,en,RT Thor landing in wakanda Thor landing in Mandalika Marv,0.0,netral
887302965907685377,2022-03-20 10:59:28+00:00,en,True,0.35,positif
1460635615578374146,2022-03-20 10:59:27+00:00,in,Tbk XL Axiata Bersama Juara di Mandalika JadiLebihBaik JuaradiMandalika 2 152,0.0,netral
970975997347672064,2022-03-20 10:59:27+00:00,en,RT How did the King of Mandalika earn his crown Take a look at moliveira88 s incredible launch from lights out that sent him,0.9,positif
1044876834247200769,2022-03-20 10:59:27+00:00,in,RT Teman2 harus tau bahwa MotorGP Mandalika ini membuka peluang pariwisata untuk daerah2 di sekitarannya juga kritik b,0.0,netral
1477895682048462848,2022-03-20 10:59:27+00:00,in,RT Total Marquez jatoh 4x di Mandalika Kasihan mana nggak punya BPJS,0.0,netral
1259837449804578820,2022-03-20 10:59:27+00:00,in,RT Petir Mandalika Pawang hujan gimana ini,0.0,netral
1321818014648422401,2022-03-20 10:59:26+00:00,in,RT Ketika langit sedang gelap dan hujan sedang turun lebat Pawang Hujan ini seketika sukses membuat matahari keluar dan dunia,0.0,netral
360659082,2022-03-20 10:59:26+00:00,fr,MotoGP Oliveira mu Quartararo heureux Les r actions des pilotes apr s le GP d Indon sie,0.0,netral
1169683855730544640,2022-03-20 10:59:26+00:00,in,Tarahu3 rara pawang mandalika yamaha honda MotoGP MotoGP2022,0.0,netral
61506473,2022-03-20 10:59:26+00:00,in,Rame uga yg like karna di like akun motogp,0.0,netral
71441165,2022-03-20 10:59:26+00:00,in,RT Pawang hingga teknologi sudah dicoba untuk mengatur cuaca di kawasan Sirkuit Mandalika agar tidak hujan Namun semua upaya it,0.0,netral
1015404417292517376,2022-03-20 10:59:26+00:00,in,Coba Tanya dia nonton MotoGP berapa Kali,0.0,netral
1474871724030132225,2022-03-20 10:59:26+00:00,en,OMG what a horrible track,-1.0,
1476562125573156864,2022-03-20 10:59:25+00:00,in,Wqwq ini bisaaa jugaaaa,0.0,netral
963269429671870464,2022-03-20 10:59:25+00:00,in,RT indo 1 Trek lurus terlalu pendek 2 Tikungan mayoritas medium cepat Kombinasi sempurna untuk membuat balapan F1 super me,0.3333333333333333,positif
1096329470485553157,2022-03-20 10:59:25+00:00,es,Punten,0.0,netral
1284213338021322752,2022-03-20 10:59:24+00:00,in,Alhamdulillah Mandalika GP sukses Selanjutnya kita sambut event dunia berikutnya FORMULA E ANCOL INTERNASIONAL CIRCUIT,0.0,netral
1485269476262445056,2022-03-20 10:59:23+00:00,in,RT Petir di Mandalika IndonesiaGP,0.0,netral
568766884,2022-03-20 10:59:22+00:00,in,ini sih bener yakali nginep di gili trawangan terus nonton acaranya di mandalika lombok ujung selatan deket pantai kuta sana,0.0,netral
1320983729821548544,2022-03-20 10:59:22+00:00,in,keren deh ini aku banget cita citaku jadi juri motogp,0.0,netral
1137535965801603072,2022-03-20 10:59:22+00:00,in,Udh pesimis pas tenggelam dari 1 ke 5 krn depannya ducati Ternyata masih bisa naik lagi ke 2 bro Dan kyknya kalo lap nya normal bang taro bisa balik mimpin Congrats,0.15,positif
1460635615578374146,2022-03-20 10:59:22+00:00,in,Tbk XL Axiata Bersama Juara di Mandalika JadiLebihBaik JuaradiMandalika 2 151,0.0,netral
1134369555579490304,2022-03-20 10:59:21+00:00,in,Menda laa kau percaya pawang tu yang berhentikan hujan,0.0,netral
556221987,2022-03-20 10:59:21+00:00,in,Pembodohan,0.0,netral
192946560,2022-03-20 10:59:21+00:00,en,I do like my country,0.0,netral
1128282246018764800,2022-03-20 10:59:21+00:00,in,RT Presiden memberikan piala kepada pemenang MotoGP Mandalika 2022 Miguel Oliveira Fabio Quartararo Johann Zar,0.0,netral
161490509,2022-03-20 10:59:20+00:00,und,MVP,0.0,netral
1249352392954368001,2022-03-20 10:59:20+00:00,in,RT Presiden Jokowi naik ke podium Sirkuit Mandalika Serahkan trofi ke moliveira88 juara MotoGP Mandalika 2022 Thank you,0.0,netral
748892598144684033,2022-03-20 10:59:20+00:00,in,Kemenangan Miguel Oliveira di GP Indonesia Mandalika untuk Orang Indoneisa Bernama Risman Siapa Dia,0.0,netral
461917791,2022-03-20 10:59:19+00:00,in,Sore ini abis nonton nyempatin nyantai sore di caffe teluk mendale takengon,0.0,netral
423388122,2022-03-20 10:59:19+00:00,ja,Redbull motoGP HONDA DUCATI KTM,0.0,netral
1443411802616852485,2022-03-20 10:59:19+00:00,in,Bs di pake di hajatan gak,0.0,netral
17128975,2022-03-20 10:59:18+00:00,in,MotoGP Soal Pawang Hujan MotoGP Mandalika Berhasil,0.0,netral
1457343300621385728,2022-03-20 10:59:18+00:00,en,RT ayoe Thank you Bu Rara the rain handler thank you weather for supporting Mandalika MotoGP rara pawanghujan pawang,0.25,positif
1159689173340585984,2022-03-20 10:59:18+00:00,in,RT AnakKolong Maaf gk bisa bantu ya Lagian Amin juga gk tau kan dia sdng ke Mandalika nonton MotoGP,0.0,netral
1193370141511208965,2022-03-20 10:59:17+00:00,in,Terlepas dari ribut soal musyrik yang penting it worked Haha,0.2,positif
1163958694226190336,2022-03-20 10:59:17+00:00,in,Namanya jg balapan jgnkan motoGP sekelas Road Race aja kecelakaan Narasi bodoh,0.0,netral
1504645330167427072,2022-03-20 10:59:17+00:00,in,Ketika cintamu tidak bertepuk sebelah tangan Maseee,0.0,netral
1887150434,2022-03-20 10:59:17+00:00,in,polemik pawang hujan di Gelaran Moto GP Mandalika Lombok,0.0,netral
71441165,2022-03-20 10:59:17+00:00,in,RT Aksi pawang hujan MotoGP Mandalika jadi sorotan Begini nih aksinya,0.0,netral
1933474662,2022-03-20 10:59:17+00:00,in,lesti menangis tersedu mengetahui marquez gagal tampil di Mandalika,0.0,netral
1432436832,2022-03-20 10:59:16+00:00,en,RT A rain shaman hired to guarantee good weather in the run up to and during Sunday s MotoGP race in Indonesia s Central L,0.35,positif
3313236517,2022-03-20 10:59:16+00:00,in,RT Juara dunia MotoGP delapan kali dipastikan tidak akan mengikuti balap seri kedua 2022 di Mandalika International Stree,0.0,netral
3042351832,2022-03-20 10:59:15+00:00,en,Inside your leathers Wow,0.1,positif
482677047,2022-03-20 10:59:15+00:00,in,Pawang ujannya di Mandalika panas bangetnya seIndonesia,0.0,netral
614302721,2022-03-20 10:59:15+00:00,in,RT Pawang hujan menurut Ust Basalamah Rara Memalukaan Mandalika Petir,0.0,netral
1238703614786285568,2022-03-20 10:59:15+00:00,in,RT Perdana18 Marc Marquez gagal race krn kecelakaan saat warm up Rossi uda keburu pensiun cuaca di Mandalika berubah ubah lap race d,0.6,positif
443444749,2022-03-20 10:59:13+00:00,in,RT id Miguel Oliveira dari Portugal juara IndonesianGP MotoGP Mandalika Bangsa Eropa pertama yang datang ke Nusantara adala,0.0,netral
109831982,2022-03-20 10:59:13+00:00,in,RT Yang masih rendah di Lombok Timur sama Gili Trawangan Dari Gili Trawangan ke Mandalika itu harus nyeberang pulau plus,0.0,netral
415976875,2022-03-20 10:59:12+00:00,in,RT Sedih aku nggak diajak ke Mandalika nonton balapan Mungkin nanti cocoknya sama aku pas ada balapan siapa paling terluka,0.0,netral
1334645794121478144,2022-03-20 10:59:10+00:00,in,RT Yah dengan segala hal baik buruk unik lucu norak dll dari MotoGP Mandalika ini niscaya race ini jadi membekas,0.0,netral
1448550253674655745,2022-03-20 10:59:10+00:00,in,RT Halo Indonesia Semangat pagi indonesia mandalika,0.0,netral
131265092,2022-03-20 10:59:10+00:00,en,Amazing ride keep pushing,0.6000000000000001,positif
1269090305438912512,2022-03-20 10:59:09+00:00,in,RT Bahan ribut warganet harga tiket Mandalika penonton MotoGP kosong pawang hujan pebalap pada ngegas iya lah nikah be,0.0,netral
153969086,2022-03-20 10:59:09+00:00,in,Efek abis perhelatan mewah IndonesianGP 2022 Penonton mencari cari untuk ketempat parkir karena mobil pribadi tidak boleh masuk dan panitia serta bus feeder hilang bule pun jd korban naik mobil bak terbuka MotoGPMandalika MotoGP tvone elshinta detik,0.0,netral
1317372328095879169,2022-03-20 10:59:09+00:00,in,Menghibur,0.0,netral
422005231,2022-03-20 10:59:08+00:00,ca,RT Anyone wants a souvenir from the IndonesianGP Pieces of asphalt from the track Alguien quiere un souvenir de Mandalik,0.2,positif
2904777306,2022-03-20 10:59:08+00:00,in,RT Mau se jago apapun Rossi amp Marquez di arena MotoGP kalau sdh liat cuaca spti ini pasti keder jg Apalagi para pengge,0.0,netral
210842691,2022-03-20 10:59:08+00:00,in,Bukan menghakimi mestinya kalian malu Bapak Erick Tohir tidak minta pemuka agama kalian buat cegah hujan Berarti tuhan kalian kalah kuat,0.0,netral
1180147081794580480,2022-03-20 10:59:08+00:00,in,Prov kadal minyak goreng gak pokok buat gue punya duit yg penting lu makan lebih higienis masih fokus migor aja wkwkkwkw,0.0,netral
1146256276621389824,2022-03-20 10:59:08+00:00,it,RT Podium di race MotoGP Mandalika 1 Miguel Oliveira 2 Fabio Quartararo 3 Johann Zarco IndonesianGP,0.0,netral
62984746,2022-03-20 10:59:08+00:00,en,After this this lady will be part of Dorna to travel around the world to control rain shaman mandalika,0.0,netral
1495789370149724162,2022-03-20 10:59:07+00:00,in,Yg lain sibuk ttg pawang hujan di motogp aku sibuk ikutin giveaway,0.0,netral
936937064,2022-03-20 10:59:07+00:00,in,RT Start MotoGP Mandalika ditunda hingga hujan reda Pawang hujan be lyke Penonton teriak In do ne sia Video akun I,0.0,netral
71758649,2022-03-20 10:59:07+00:00,en,Racing moliveira88 Congratulations on your perfect victory moliveira88,1.0,positif
1498012160147869699,2022-03-20 10:59:07+00:00,in,WKWKKW ini yg dri tdi gua ketawain ternyata di post motoGP,0.0,netral
1403787121530327041,2022-03-20 10:59:07+00:00,in,RT Ritual Pawang Hujan Gak Mempan Balapan MotoGP Mandalika Ditunda Akibat Sirkuit Diguyur Hujan Deras,0.0,netral
93181128,2022-03-20 10:59:07+00:00,in,Ponakan w pas nonton MotoGP Kameranya burik banget Gegara ujan ya Anjir ngakaklah gw kosakatanya burik,0.0,netral
1267105100251705346,2022-03-20 10:59:06+00:00,fr,MotoGP l effrayant accident de Marc Marquez en Indon sie Transport l h pital le pilote espagnol souffre d un traumatisme cr nien,0.0,netral
960662868684292096,2022-03-20 10:59:05+00:00,in,Auu dukun di mainin ga ada kerjaan aja nih baliho di sembah Liat aja nanti pormula E bakalan lebih dari mandalika Siap putihkan pormula E,0.0,netral
1466513994114641920,2022-03-20 10:59:04+00:00,in,Arabia Yang bikin hujan reda itu Tuhan boss di tempat gw juga sempet hujan dan durasi hujan nya hampir sama kaya di Mandalika tapi tempat gw gak ada pawang,0.0,netral
1242970764891942912,2022-03-20 10:59:03+00:00,in,RT gak percaya pawang hujan tapi percaya tuhan padahal sama sama gak bisa dibuktikan sains emg org indo standar ganda,0.0,netral
989389549192167424,2022-03-20 10:59:03+00:00,in,Ada yg bilang katanya penonton motogp pertamina mandalika di lobok sepi ngak ada penonton betul ngak sih RoySuryo trus yg nonton setan semua ya pak,0.0,netral
1417079987614588931,2022-03-20 10:59:02+00:00,in,RT Moto GP Mandalika semoga lancar dan sukses Formula E Jakarta semoga lancar dan sukses Jangan pernah menarik kedua event i,0.0,netral
1238253302757785600,2022-03-20 10:59:02+00:00,in,Indonesia memang beda Mantap,0.0,netral
465156621,2022-03-20 10:59:00+00:00,in,RT Dalam post race interviewnya juara IndonesianGP Miguel Oliveira memberikan shout out dan tribut kepada Mas Risman Si,0.0,netral
363511759,2022-03-20 10:59:00+00:00,in,RT Hahaha diketawain tim yamaha si dukunnya wkwk tag Memalukan Mandalika Trans 7 Pawang 2 5 T Sekte BMKG,0.2,positif
1412288889964810242,2022-03-20 10:59:00+00:00,in,bru nonton motogp yah,0.0,netral
87698774,2022-03-20 10:59:00+00:00,in,RT Ini Video ASLI Penampakan tampilan LIVE Rara Isti Wulandari di Sirkuit Mandalika tadi yg sempat dikomentari oleh Present,0.06818181818181818,positif
323821169,2022-03-20 10:59:00+00:00,fr,Savage,0.0,netral
1328197622943780864,2022-03-20 10:59:00+00:00,in,Gw gak menyoal soal Apbn ato apalah bodo amat Yg gw kritisi soal pake pawang2an itu lho lebay Namanya race biasa ada kondisi cerah dan kondisi ujan dan itu dah lumrah puluhan tahun pagelaran motogp di gelar,0.0,netral
77611680,2022-03-20 10:59:00+00:00,in,Sampean njlungup ta lur,0.0,netral
2893604707,2022-03-20 10:58:59+00:00,en,RT If MotoGP continues racing Mandalika will be the first circuit that kills the rider not because he crash but was struck b,0.25,positif
993031051235680256,2022-03-20 10:58:59+00:00,in,RT Kusuma mirit2 ruang aspal di jalan dari bandara menuju event MotoGP di Kuta Mandalika yang menurut liputan di KarungTampon sepi p,0.0,netral
2250183258,2022-03-20 10:58:58+00:00,in,RT Sirkuit Mandalika Sabtu 19 Maret 2022 Penonton Sangat Antusias Melihat Perhelatan MotoGP kali ini,0.0,netral
1434310421725417475,2022-03-20 10:58:58+00:00,in,RT loren Turut BANGGA dg ajang balap motor skala Internasional di MANDALIKA Cuma besok2 ngga usah ada pertunjukan PAWANG UJAN KEUJA,0.0,netral
1251212671933808643,2022-03-20 10:58:58+00:00,in,RT tetep ujan tuh wkwk jdi bhan cosplayan tim yamaha wkwk tag Memalukan Mandalika Trans 7 Pawang 2 5 T Sekte BMKG,0.0,netral
1294809312116629504,2022-03-20 10:58:57+00:00,in,Tidak menyukai motogp,0.0,netral
1263843604335751168,2022-03-20 10:58:57+00:00,in,RT Pawang hujan di Mandalika 20 Maret 2022 Fabio Quartararo MandalikaCircuit mandalika MotoGP TRANS7 Marquez,0.0,netral
1340279932245606400,2022-03-20 10:58:56+00:00,in,Pawang hujan di sirkuit mandalika,0.0,netral
277348222,2022-03-20 10:58:56+00:00,es,Petir,0.0,netral
1505175917810778114,2022-03-20 10:58:55+00:00,in,MotoGP aja punya pawang masak kmu ngga,0.0,netral
1437695215423287298,2022-03-20 10:58:55+00:00,in,Besok besok ga heran kalo ada info loker buat pawang hujan,0.0,netral
2536834262,2022-03-20 10:58:55+00:00,in,Nonton MotoGP di Mandalika bareng Gojek SatSetPakeGojek 155,0.0,netral
192946560,2022-03-20 10:58:54+00:00,in,Hahahahaa mulai dari panas sampe mereka berendem di ember sampe hujan deras ada petirnya semua jadi pengalaman buat mereka Komplit,0.0,netral
3163883802,2022-03-20 10:58:54+00:00,in,RT MotoGP Mandalika membuat mata dunia tertuju pd Indonesia dinyinyirin Kadrun hny krn berita 2 5 T Mandalika Setara Beasis,0.0,netral
1448108367956914179,2022-03-20 10:58:54+00:00,no,twt BTS streaming motogp,0.0,netral
1167958016412405760,2022-03-20 10:58:54+00:00,in,Bang Dennis,0.0,netral
63321110,2022-03-20 10:58:54+00:00,in,Saat BRIN kalah populer sama pawang hujan BRIN Gunakan Teknologi Modifikasi Cuaca Selama MotoGP Digelar di Mandalika Apa Itu,0.0,netral
1178547764583489536,2022-03-20 10:58:53+00:00,in,ini moto gp bukan turnament ecek ecek,0.0,netral
1140851552652939264,2022-03-20 10:58:53+00:00,in,Mandalika tu penting kamu nggak,0.0,netral
276910909,2022-03-20 10:58:53+00:00,es,IndonesianGP Johann Zarco He gastado siete vueltas en ganar confianza Yo pod a ir m s r pido pero ya era demasiado tarde,0.0,netral
1319892945814708224,2022-03-20 10:58:53+00:00,in,kayaknya hujannya di alihin ke Bali ini deres bgt dari tadi,0.0,netral
1500305418220105732,2022-03-20 10:58:52+00:00,in,RT Setelah 25 tahun Indonesia akhirnya kembali menjadi tuan rumah kejuaraan dunia balap motor MotoGP Ikuti keseruannya dal,0.0,netral
250000162,2022-03-20 10:58:52+00:00,in,MAMPOS UDAH ADA PORTO PAWANG HUJAN MANDALIKA,0.0,netral
1191032741317332992,2022-03-20 10:58:51+00:00,in,RT Gua ngeliat ini bukan ke konteks bener salah nya sih Tapi kalo hal ginian diliput media internasional sih jadi kayak,0.0,netral
920473539727126528,2022-03-20 10:58:51+00:00,in,JaKoB WolF bukan cuman cuaca tapi juga isyu ban,0.0,netral
1094396053,2022-03-20 10:58:51+00:00,in,RT nakula Presiden Jokowi ucapkan terima kasih untuk seluruh masyarakat NTB karena partisipasi warga NTB dan doa seluruh rakyat Indo,0.0,netral
1059994821954232321,2022-03-20 10:58:50+00:00,in,RT Asmara1701 Pokoknya semua salah Anies Pawang di Mandalika Gagal Tahan Hujan Ki Bedul Sakti Ini Semua Gara gara,0.0,netral
89699871,2022-03-20 10:58:49+00:00,in,Awalnya diharapkan orang ke Lombok tidak hanya nonton MotoGP tapi sekalian berwisata mengunjungi seluruh destinasi wisata Eh ternyata 1 2 hari doang muterin daerah Mandalika aja ga mau main sampai ke Gili,0.16666666666666666,positif
1420996357611950083,2022-03-20 10:58:49+00:00,en,RT The power of pawang mandalika,0.0,netral
3844318226,2022-03-20 10:58:48+00:00,in,RT Jokowi keluar menyapa para penonton di Sirkuit Mandalika Seketika itu hujan pun berhenti Orang baik itu sangat di saya,0.0,netral
1103317450962038785,2022-03-20 10:58:48+00:00,in,Siaran di tempat Q ilang jd dongkol g bisa nonton MotoGP,0.0,netral
166097182,2022-03-20 10:58:47+00:00,en,Shaman 1 0 God What the Hahaha,0.2,positif
541525931,2022-03-20 10:58:47+00:00,in,Org gila makin stress aja liat mandalika,0.0,netral
844769802799362048,2022-03-20 10:58:45+00:00,ja,MotoGP jp MotoGP IndonesianGP,0.0,netral
1190311823121235968,2022-03-20 10:58:45+00:00,en,Brilliant race Divebomb Dazza It s a shame your bro Divebombed you get him back next race,0.3,positif
794098556,2022-03-20 10:58:45+00:00,in,mentalnya gede,0.0,netral
2536834262,2022-03-20 10:58:45+00:00,in,Nonton MotoGP di Mandalika bareng Gojek SatSetPakeGojek 154,0.0,netral
391834011,2022-03-20 10:58:44+00:00,in,RT BREAKING Repsol Honda mengumumkan jika Marc Marquez tidak akan mengikuti race MotoGP di Mandalika karena dinyatakan tida,0.0,netral
136562025,2022-03-20 10:58:44+00:00,in,Si Kambing Goat akhirnya berani mandi kena air and to be a winner,0.0,netral
1505480359781273604,2022-03-20 10:58:44+00:00,fr,Bon plan du shitbeuh dispo T l gram WhatsApp 33 7 55 53 12 31 ZemmourMobilisationGenerale ZemmourPresident bitcoin Valimai viaplay Video CR7 Xiaomi12Series XRPCommunity WWE2K22 MotoGP MilanoSanremo Marche6eRepublique KaderiminOyunu,0.0,netral
1420996357611950083,2022-03-20 10:58:43+00:00,in,RT post Kalau lewat tikungan 13 Mandalika harus lempar putung rokok Sikat gigi 10pcs cuma 11ribuan,0.0,netral
525663823,2022-03-20 10:58:42+00:00,in,Nitip mas admin,0.0,netral
64392525,2022-03-20 10:58:42+00:00,in,Singing bowl atau genta Tibet merupakan sejenis lonceng berbentuk mangkuk yang bergetar dan menghasilkan nada saat dimainkan,0.0,netral
1310703077490475008,2022-03-20 10:58:41+00:00,it,Mantepp Ahahaha,0.0,netral
1161284178438238213,2022-03-20 10:58:40+00:00,in,lalu mana yang lebih syahdu gerimis di sirkuit Mandalika atau tangis memandang kisah penuh luka,0.0,netral
985163038054428672,2022-03-20 10:58:40+00:00,ht,anj fandi,0.0,netral
1482555145720578050,2022-03-20 10:58:39+00:00,in,RT PREDIKSI RACE MANDALIKA SOK PAHAM Track basah P1 Miguel Oliveira P2 Fabio Quartararo P3 Johann Zarco Track kering,0.0,netral
3827798354,2022-03-20 10:58:39+00:00,in,Jurnalis asal Inggris Simon Patterson terkejut melihat kecepatan jaringan koneksi internet Telkomsel di Mandalika Dalam masa dan di Indonesia untuk meliput MotoGP 2022 di Sirkuit Mandalika Simon sampai membagikan reaksinya di akun Twitter dan Instagram miliknya,0.0,netral
786918611852075008,2022-03-20 10:58:39+00:00,et,RT A Mandalika masterclass Superb Miguel IndonesianGP,1.0,positif
335833696,2022-03-20 10:58:39+00:00,in,Wah keren Tranding bahas GP mandalika,0.0,netral
1451758968263512064,2022-03-20 10:58:38+00:00,in,Indonesia dengan kearifan lokal,0.0,netral
152375702,2022-03-20 10:58:38+00:00,in,Kenapa pak Jokowi gak pake baju kayak pak sandi ya itu keren banget baju pak sandi,0.0,netral
1405723264710709248,2022-03-20 10:58:38+00:00,in,RT Mumpung belum melintasi lorong waktu yg panjang adakah bukti historis keterlibatannya dlm membangun sirkuit Mandalika,0.0,netral
2810133859,2022-03-20 10:58:38+00:00,en,Hobaah,0.0,netral
371721076,2022-03-20 10:58:37+00:00,in,Pada berisik bahas motogp Ada yg bilang motor gp Dari dulu motogp juga udah ada Pada berisik ae biasa aja,0.0,netral
293272772,2022-03-20 10:58:37+00:00,es,MotoGP Despu s del diluvio triunfo de Miguel Oliveira en el GP de Indonesia Fabio Quartararo y Johan Zarco completaron el podio Por las adversas condiciones clim ticas la competencia fue recortada a 20 vueltas,0.0,netral
1490897457504714752,2022-03-20 10:58:36+00:00,in,First winner in mandalika gp selamat buat semua yang terlibat kesuksesan indonesia gp,0.25,positif
1606058341,2022-03-20 10:58:36+00:00,in,Seru liat komenan para netizen,0.0,netral
1085229423299780609,2022-03-20 10:58:36+00:00,in,RT Rekomendasi pawang ujan buat di Mandalika,0.0,netral
943168221280067584,2022-03-20 10:58:36+00:00,en,RT Terima Kasih What a privilege to have worked at the both the first WorldSBK race at the Mandalika International Str,0.125,positif
1281756137969184768,2022-03-20 10:58:35+00:00,en,beauty of indonesia,0.0,netral
2536834262,2022-03-20 10:58:35+00:00,in,Nonton MotoGP di Mandalika bareng Gojek SatSetPakeGojek 153,0.0,netral
1371014072414601217,2022-03-20 10:58:34+00:00,in,RT naa16 mengeklaim event yang berlangsung pada 18 20 Maret tersebut berhasil membawa dampak positif bagi sektor pariw,0.0,netral
1503346579817709574,2022-03-20 10:58:34+00:00,in,RT Anjir petirnya di Mandalika,0.0,netral
1233103079911776257,2022-03-20 10:58:33+00:00,in,Iyain aja,0.0,netral
1018863081051414529,2022-03-20 10:58:33+00:00,in,Thor turun ke wakanda,0.0,netral
1385555258793807876,2022-03-20 10:58:33+00:00,in,RT Viral Lecutan Petir dan Gemuruh Keras di Sirkuit Mandalika,0.0,netral
1169639156684742656,2022-03-20 10:58:33+00:00,lv,moliveira88 hmm hmm,0.0,netral
95405624,2022-03-20 10:58:31+00:00,en,Atheis bang,0.0,netral
1402302312270372864,2022-03-20 10:58:31+00:00,in,Jangan cuma ujan yg distop dong bu warga indo yg overproud jg tolong distop bu Gak siap pembahasan pawang mandalika bla bla bla ini berlangsung sepekan kedepan,0.0,netral
1485230965379448833,2022-03-20 10:58:31+00:00,in,Valianto mengsedih nder legend motogp ngetiknya salah,0.0,netral
906526993,2022-03-20 10:58:31+00:00,in,RT Uang Negara Rp 2 5 T demi MotoGP Mandalika Setara Beasiswa 200 Ribu Mahasiswa,0.0,netral
1340572903792726017,2022-03-20 10:58:30+00:00,in,Akaowkwowk fandik masuk tipi,0.0,netral
1093821000561639424,2022-03-20 10:58:30+00:00,pt,O momento em que Miguel Oliveira chegou grelha de partida hoje no IndonesianGP,0.0,netral
79760930,2022-03-20 10:58:30+00:00,in,RT Curahan hati warga Lombok soal gelaran MotoGP Tiara Citra adalah salah satu dr bnyk anak2 penjual gelang dikawasan Mandalika,0.0,netral
1352263140138893314,2022-03-20 10:58:29+00:00,in,keren abisini ikut motogp ran,0.0,netral
2941631767,2022-03-20 10:58:29+00:00,in,Capek capek pandemi 2 tahun rupanya obatnya Moto GP Mandalika hehe,0.0,netral
1213785827446099969,2022-03-20 10:58:29+00:00,in,mandalika gokil pake pawang hujan indonesia beda sendiri emang,0.0,netral
1232453898503217152,2022-03-20 10:58:28+00:00,en,RT Indonesia tried to use the magic power pawang to stop the rain in the mandalika circuit MotoGP teams and riders are spee,0.5,positif
1333694923304931334,2022-03-20 10:58:27+00:00,in,Mumer nih kak no vpn,0.0,netral
943168221280067584,2022-03-20 10:58:27+00:00,en,live Terima kasih kembali bapak Michael Hill I hope you have a good working experience here in Indonesia Anyway safe flight sir,0.4454545454545455,positif
69183155,2022-03-20 10:58:26+00:00,in,Agen travel dari Kota Malang tertipu hingga Rp 598 juta Penipu meminta 65 unit kendaraan yang disebut akan digunakan oleh tamu gelaran MotoGP Mandalika,0.0,netral
508495367,2022-03-20 10:58:26+00:00,in,RT FIXED Marc Marquez TIDAK IKUT di MotoGP Mandalika saat ini karena Cedera Kepala Jadi meski ada Fabio Quartararo dkk R,0.1,positif
101196370,2022-03-20 10:58:26+00:00,in,Beres MotoGP malem nya lanjut F1 abis itu nonton El Clasico Indah nya hari minggu,0.0,netral
4133320399,2022-03-20 10:58:26+00:00,in,moliveira88 Gila KTM ngeri euy,0.0,netral
341455589,2022-03-20 10:58:26+00:00,in,Plisss abis ini jangan di undang ke tv,0.0,netral
598959076,2022-03-20 10:58:25+00:00,in,Race MotoGP Mandalika Usai Penonton di Bukit Bubar Tertib,0.0,netral
1515384679,2022-03-20 10:58:25+00:00,in,Udah bodoh musrik pula,0.0,netral
960248512108576768,2022-03-20 10:58:25+00:00,in,permana Anda terdeteksi kena orgasme nanggung Hujannya berhenti Padahal sudah ngarep hujan gak bakal berhenti ya drun Drama Indah in Mandalika Balapn sukses K3 KadrunKejangKejang,0.0,netral
2536834262,2022-03-20 10:58:24+00:00,in,Nonton MotoGP di Mandalika bareng Gojek SatSetPakeGojek 152,0.0,netral
53401821,2022-03-20 10:58:23+00:00,in,RT Sama saja sih Pedukung Anies sibuk cari2 kesalahan MotoGP Mandalika dan pendukung Jokowi sibuk cari2 kesalahan Formula E,0.0,netral
1369294569771315202,2022-03-20 10:58:23+00:00,tl,Ahahaha,0.0,netral
1469511851482378246,2022-03-20 10:58:23+00:00,in,Yg saya tanyakan definisinya bukan jenisnya,0.0,netral
111627355,2022-03-20 10:58:22+00:00,en,NASA would pay attention to IDN after this amp Mandalika will be one of the most favorite circuits among all Regardless all the stories behind tetap BANGGA Indonesia bisa jadi tuan rumah After BEP Next Formula 1 Gak kebayang berapa triliun yang digelontorkan if it s F1,0.15,positif
1265945891568971776,2022-03-20 10:58:22+00:00,in,Mau ga percaya pawang hujan tp pas nikahan outdoor temen gue kemaren yg tbtb langit gelap udh mulai gerimis trus ada pawang ujan kayak baca2 mantra sambil nyebat tau2 ujannya berhenti total gilaaa gokil liat sendiri gue beneran berhasil,0.0,netral
1242817282956349440,2022-03-20 10:58:21+00:00,en,RT What is the great world history presented by the President of Indonesia at the 2022 Moto GP Mandalika,0.8,positif
467183027,2022-03-20 10:58:20+00:00,in,RT Marques akan pulang ke negara nya dan akan menjadi berita karena kualitas arena mandalika yg not sop semakin banyak accide,0.0,netral
1221396758498029568,2022-03-20 10:58:20+00:00,es,RT La odisea que vivi MotoGP antes de la carrera en Mandalika La carrera estuvo suspendida casi una hora Un rayo cay,0.0,netral
876187567065976832,2022-03-20 10:58:20+00:00,in,pawang hujan Wsbk dan motogp kalian jagoiin ngeidolakan yg mana mblo before after,0.0,netral
527199141,2022-03-20 10:58:20+00:00,en,Master,0.0,netral
1341394021005078535,2022-03-20 10:58:19+00:00,in,RT Sekte tempe buat berita mencla mencle Mau hancurin proyek 2 5 T Yok dukung formula E meskipun dari honda marquez cidera amp,0.0,netral
90326589,2022-03-20 10:58:19+00:00,in,Dan jangan juga bandingkan kelas nya kalo mau bandingkan MotoGP ya sekelas Formula1 buka E,0.0,netral
1315088664368611329,2022-03-20 10:58:18+00:00,in,Mantippbgttt lah anjirt kitaa nabung2 buat nonton MotoGP,0.0,netral
1340273082926125057,2022-03-20 10:58:17+00:00,in,RT Sudah Bayar Mahal Pawang Hujan Gelaran MotoGP Mandalika Tetap Diguyur Hujan Lebat,0.0,netral
1379403820564762624,2022-03-20 10:58:17+00:00,in,diakui dunia pawang hujan indo wkwkwk,0.0,netral
328974364,2022-03-20 10:58:17+00:00,en,MotoGP Indonesia 2022 Highlights con tempeste e fulmini vince Oliveira,0.0,netral
2243503669,2022-03-20 10:58:16+00:00,in,RT ratu pantai mandalika emg gasuka orang pake baju oren,0.0,netral
175981991,2022-03-20 10:58:15+00:00,in,Set ngeri bet,0.0,netral
1044377019897663488,2022-03-20 10:58:14+00:00,in,another lucky hotel s employee after Yuyu mas Risman seneng gak tuh Miguel menang kemenangannya didedikasiin buat si masnya moliveira88 IndonesianGP MotoGP,0.3333333333333333,positif
3189705080,2022-03-20 10:58:14+00:00,in,RT nakula Indonesia sedang punya gawe besar yaitu gelaran MotoGP di sirkuit Mandalika di Lombok Masyarakat banyak yang bangga dan,0.0,netral
944551919514615809,2022-03-20 10:58:14+00:00,en,RT Kontrol ren not woking,0.0,netral
800705678838857728,2022-03-20 10:58:14+00:00,in,Bgi sya pribadi Orang2 yg mengolok olok pawang hujan di motogp ini tak jauh beda seperti orang2 kafir yang menertawakan orang muslim melakukan sholat meminta hujan Konteksnya sama loh Sama2 memohon cuaca yang bagus Bedanya yg satu meminta hujan yang satu ingin tidak hujan,0.0,netral
1182582278,2022-03-20 10:58:14+00:00,in,Rang orang pada ke mandalika buat nonton MotoGP bukan nonton dukun gemblung lenggak lenggok di lintasan Siapa seh yang nyuruh dukun gemblung itu Bayar gak tuh Duit pribadi apa duit APBN Jokowi punya pembantu aneh aneh,0.0,netral
1471109803992752129,2022-03-20 10:58:13+00:00,en,I like you dad don t you watch MotoGP in Indonesia,0.0,netral
343821449,2022-03-20 10:58:13+00:00,in,Pak Pres tadi juga lihat turun langsung ke track MotoGP Mandalika bangga akhirnya Indonesia kembali mjd tuan rumah Tapi sayang babang udah keburu pensiun IndonesianGP,0.0,netral
1097113579147403269,2022-03-20 10:58:13+00:00,fr,RT moto MotoGP 0 2 GP Indon sie 2022 Mandalika IndonesianGP 1er double podium de nos pilotes Fran ais F,0.0,netral
1488392557369323520,2022-03-20 10:58:12+00:00,in,Pawang hujan GP mandalika memang Mantap,0.0,netral
767220956888641536,2022-03-20 10:58:12+00:00,en,RT What is the great world history presented by the President of Indonesia at,0.8,positif
115876491,2022-03-20 10:58:11+00:00,in,banyak yang malu gara2 pawang hujan lho itu kan dikita sendiri memang ada dan mereka juga saudara kita sendiri walau berbeda tetap orang Indonesia cara mungkin berbeda namun ujung2nya ya sama Terimakasih pada Tuhan YME dan mbak rara sukses MotoGP Mandalika 2022 IndonesianGP,0.0,netral
1677257828,2022-03-20 10:58:11+00:00,in,RT Momen lempar helm yang dijanjikannya beberapa hari yang lalu Thankyou Aleix MotoGP IndonesianGP M,0.0,netral
3255857780,2022-03-20 10:58:11+00:00,in,MotoGP kebanyakan goyang kemarin jadi gak konsen anyway get well soon bro,0.0,netral
258715753,2022-03-20 10:58:11+00:00,in,aska MotoGP Anjing,0.0,netral
1459286234476388353,2022-03-20 10:58:11+00:00,in,Ini keren loh kalo menurut aku Katanya dimana tanah dipijak disitu langit dijunjung ya kalo di budaya kita masih ada kaya gini terus mau apa Aku ngelihatnya malah unik dan Indonesia bgt,0.0,netral
2536834262,2022-03-20 10:58:10+00:00,in,Nonton MotoGP di Mandalika bareng Gojek SatSetPakeGojek 151,0.0,netral
209527174,2022-03-20 10:58:10+00:00,in,Selamat kepada Presiden Indonesia dan Indonesia atas Suksesnya MotoGP Mandalika DAMN I LOVE INDONESIA,0.5,positif
910756335230140416,2022-03-20 10:58:10+00:00,in,Wah boss dorna neh,0.0,netral
1718284453,2022-03-20 10:58:10+00:00,in,sedih bgt dari tadi mantengin nonton trans7 cuma buat liat ayang wkwkw but gapapa mungkin bukan rezeki kamu marc yang penting sekarang sehat dulu ya,0.0,netral
21633685,2022-03-20 10:58:09+00:00,in,Hi Kak Sebelumnya kami mohon maaf atas ketidaknyamanannya kami mendapatkan informasi untuk penayangan di Transvision tidak diperkenankan terkait dengan Hak Siar sehingga siaran live kualifikasi amp Race MotoGP Indonesia tidak dapat kami siarkan Kak MB,0.13636363636363635,positif
82368036,2022-03-20 10:58:09+00:00,in,RT Kacau Sudah Bayar Mahal Pawang Hujan Gelaran MotoGP Mandalika Tetap Diguyur Hujan Lebat,0.0,netral
3827798354,2022-03-20 10:58:07+00:00,in,RT Jurnalis Asal Inggris Ini Kaget Lihat Koneksi Internet di Mandalika Ada Apa Menurutnya lebih cepat dibanding kampung hala,0.0,netral
125795250,2022-03-20 10:58:07+00:00,ja,MotoGP 2 3,0.0,netral
3218927936,2022-03-20 10:58:06+00:00,in,Setelah sekian lama gak ntn motogp skrg di motogp yg gw familiar cm marquez wkwk,0.375,positif
4824157697,2022-03-20 10:58:05+00:00,in,Lah yg penting bukan sy yg nyari nyari kesalahan formula E bisa di cek di TL saya Beda kasus kaya kamu yg bilang motogp sepi padahal rame wkwkwk,0.0,netral
41730943,2022-03-20 10:58:05+00:00,in,Marquez Absen di Race MotoGP Mandalika Usai Kecelakaan,0.0,netral
3827798354,2022-03-20 10:58:05+00:00,in,Sahabat Digital Tak hanya itu Telkomsel juga memastikan ketersediaan akses jaringan broadband hingga menyiagakan penambahan bandwidth untuk mengantisipasi trafik komunikasi selama gelaran MotoGP 2022 berlangsung,0.0,netral
1444603859951702016,2022-03-20 10:58:04+00:00,fr,RT La foudre s abat sur la piste de Mandalika IndonesianGP MotoGP,0.0,netral
1396769726345269251,2022-03-20 10:58:04+00:00,in,Mahal emas di tanah emas Hanya sekelas motogp di negeri sendiri Tak bisa di tonton rakyat yg tak sampai ke mandalika Memang trans 7 Bull abiz,0.0,netral
2885136164,2022-03-20 10:58:04+00:00,tl,Hahaa salute,0.0,netral
1271249779519979522,2022-03-20 10:58:03+00:00,in,Cuma di INDO,0.0,netral
1279643013455605760,2022-03-20 10:58:03+00:00,in,Presiden memberikan piala kepada pemenang MotoGP Indonesia 2022 yaitu Miguel Oliveira kemudian Fabio Quartararo menempati urutan kedua dan Johann Zarco yang menempati urutan ketiga Minggu 20 Maret 2022 Foto Laily Rachev Biro Pers Sekretariat Presiden,0.0,netral
1498759593748488202,2022-03-20 10:58:03+00:00,en,yeah sure its not like he is the crash king anyways his career is over,0.5,positif
1080436561630584832,2022-03-20 10:58:03+00:00,in,udan wae enek pawange moso koe emoh tak pawangi,0.0,netral
41730943,2022-03-20 10:58:03+00:00,in,Miguel Oliveira Penakluk Pertama Race MotoGP Mandalika,0.0,netral
1189864397805506560,2022-03-20 10:58:02+00:00,in,WKWKWK gokil juga,0.0,netral
3109732806,2022-03-20 10:58:01+00:00,in,Bisa aja di tribun atau jd marshal dia Konsep pawang itu ngatur awan,0.0,netral
1145856991,2022-03-20 10:58:01+00:00,ca,RT El m s important de la vict ria de Chantra a Moto2 a Mandalika veure feli el meu cosi Sergi el capo t cnic de l estructur,0.4,positif
1267766759416721410,2022-03-20 10:58:01+00:00,in,enf elvaro Urusan bisa atau enggaknya hanya Allah yang menentukan wkwkkwkwk,0.0,netral
64631024,2022-03-20 10:58:00+00:00,in,RT id Penyelenggara IndonesiaGP menggunakan pawang hujan agar MotoGP Mandalika berjalan lancar Dulu penyelenggara pertanding,0.0,netral
230683895,2022-03-20 10:58:00+00:00,in,Alhamdulillah hujan reda motoGP berjalan dengan lancar Semua berkat doa dan kerja keras masyarakat Indonesia kecuali Kadroen ya,0.0,netral
1489823329938976769,2022-03-20 10:57:59+00:00,und,Wow,0.1,positif
2985307064,2022-03-20 10:57:57+00:00,in,Pawang Hujan MotoGP Mandalika 2022 Rara Viral Sampai Ditiru Fabio Quartararo Memalukan,0.0,netral
231474524,2022-03-20 10:57:57+00:00,in,Cc seneng ini pasti,0.0,netral
1293095083110146054,2022-03-20 10:57:56+00:00,in,Norak dan memalukan,0.0,netral
238091066,2022-03-20 10:57:56+00:00,in,Melihat Indonesia di Mandalika,0.0,netral
1490870715821670401,2022-03-20 10:57:56+00:00,in,jangan mimpi mau jadi negara maju kalo masih percaya dengan klenik dan perdukunan wkwk,0.0,netral
565956967,2022-03-20 10:57:56+00:00,in,Siapa yang bilang Pawang hujan memalukan Justru ini yang akan jadi memorial yang di ingat tentang Mandalika IndonesianGp Unik dan tidak ditemukan dimanapun,0.0,netral
2536834262,2022-03-20 10:57:56+00:00,in,Nonton MotoGP di Mandalika bareng Gojek SatSetPakeGojek 150,0.0,netral
3414814519,2022-03-20 10:57:56+00:00,in,Seng penting yakin disek,0.0,netral
2550679982,2022-03-20 10:57:54+00:00,in,wkwk si kang dennis ini mah motovlogger Bandung,0.0,netral
1190570258618179584,2022-03-20 10:57:54+00:00,in,Ada rider lain diluar dari kedua rider dunia yg paling diketahui bnyak org Sama sperti tadi Ada Fabio Jack miller E Bastianini Luca Marini Maverick Vinales dan Miguel Oliveira yg naik podium satu Mandalika,0.0,netral
623610052,2022-03-20 10:57:54+00:00,in,Ujanya lg di atur sama pawang ujan mandalika,0.0,netral
1498806558179749888,2022-03-20 10:57:53+00:00,in,yang bilang memalukan sapa y yuhuuu master tuh,0.0,netral
4656725798,2022-03-20 10:57:53+00:00,in,RT dumdum Saya sudah tandai amp screenshot semua akun2 yang nyiyir ngatain Mandalika sepi Bahkan ada media sampah ngatain hotel di,0.0,netral
1233678244051730432,2022-03-20 10:57:53+00:00,in,Gpp bi kamu ke 2,0.0,netral
108235896,2022-03-20 10:57:52+00:00,in,Yg bikin dukun apes,0.0,netral
756829814,2022-03-20 10:57:52+00:00,en,140 for a 200 zoomed in replay of the Indonesia GP Impossible to watch Please fix this,-0.6666666666666666,negatif
1242357420891881473,2022-03-20 10:57:52+00:00,in,Presiden memberikan piala kepada pemenang MotoGP Mandalika 2022 Miguel Oliveira Fabio Quartararo Johann Zarco IndonesianGP,0.0,netral
902390965599473664,2022-03-20 10:57:49+00:00,in,RT Balapan MotoGP Mandalika 2022 dalam kondisi trek basah akibat hujan dihelat di Sirkuit Mandalika pada Minggu 20 3 Hasilny,0.0,netral
944551919514615809,2022-03-20 10:57:49+00:00,in,RT Wartawan Asing Soroti Kursi Kosong di MotoGP Mandalika,0.0,netral
2476373749,2022-03-20 10:57:49+00:00,in,Org yg minta pilza telanjang jg ada,0.0,netral
70420086,2022-03-20 10:57:48+00:00,in,RT Siap2 GP Mandalika,0.0,netral
2289070723,2022-03-20 10:57:47+00:00,en,Congrats bro moliveira88 Thanks to all participants IndonesianGP,0.2,positif
3289749975,2022-03-20 10:57:46+00:00,in,RT Thor lagi promo film Love and Thunder di mandalika IndonesianGP,0.5,positif
1363315813776723969,2022-03-20 10:57:46+00:00,in,nanti muncul pawang Salju di Motogp Amerika wuakakak,0.0,netral
74952525,2022-03-20 10:57:46+00:00,in,Petir bukan sembarang petir Petir menyambar mandalika,0.0,netral
387972431,2022-03-20 10:57:46+00:00,en,RT Lightning over the Mandalika circuit IndonesianGP MotoGP Rossi Marquez,0.0,netral
921936583690817536,2022-03-20 10:57:46+00:00,in,Akan ada 51 Unit Roda Empat R4 dan 31 Unit Roda dua R2 Yang Menjadi Kendaraan Dinas Kendali Operasi BKO Untuk Pengamanan MotoGP 2022 di Mandalika Polri akan mengawasi ketat selama penyelenggaraan MotoGP 2022 PengamananMandalika2022 Pelayanan Pelaksanaan MotoGP,0.0,netral
1416707276979642368,2022-03-20 10:57:46+00:00,in,Marquez ayangku semoga km baikbaik aja yaa,0.0,netral
1145227513624326145,2022-03-20 10:57:46+00:00,in,RT Kronologi Marquez Absen di MotoGP Mandalika karena Gegar Otak,0.0,netral
1258095125613314048,2022-03-20 10:57:45+00:00,in,MARQUEZ AKHIRNYA TDKNIKUT MOTOGP STELAH KECELAKAAN KENAPA SEKALIBER DUNIA HINGGA 4 KALI TERJATUH D ARENA YG SAMA INI TAKDIR ATW ADA KESALAHAN TEKNIS Adakah kabar seperti ini d arena yg sama jatuh berkali kali Nitip JokowiHarusDimakzulkan JokowiHarusDimakzulkan,0.0,netral
962603322,2022-03-20 10:57:45+00:00,in,Hujan itu mang waktu nya berhenti ya pasti berhenti jadi bukan karena pawang Kalau memang bisa kendalikan hujan harus nya hujan itu tidak turun ke mandalika tapi dia geser ketempat lain kalau ini sudah turun 1 jam lebih untung hujan berhenti jd pawang gak terlalu bikin malu,0.0,netral
178154566,2022-03-20 10:57:45+00:00,und,moliveira88,0.0,netral
109708962,2022-03-20 10:57:45+00:00,es,LK Ponco,0.0,netral
997945964378796032,2022-03-20 10:57:44+00:00,in,Emang nonton dimana Wajan Lha ne dr pihak motoGP Indonesia jaya n maju kasian org indonesia tp gk suka ind maju Artinya adzab Allah membalikkan hati anda di kasih dengki mulu Naudzubillah,0.0,netral
1313865778119151616,2022-03-20 10:57:44+00:00,in,Gak di IKN gak di MotoGP DUKUN digunakan hahaha anggaran triliunan rupiah ujung2nya DUKUN BERTINDAK,0.2,positif
796290227186778112,2022-03-20 10:57:42+00:00,in,HAHAHAH AZLYA MANDALIKA PUTRI,0.0,netral
1390761103420887044,2022-03-20 10:57:42+00:00,in,Di 2022 ada pawang hujan ujan tetep turun jadi menurut saya pawang hujan bagian dari hiburan untuk peserta balap dan penonton,0.0,netral
2253470226,2022-03-20 10:57:42+00:00,in,RT NGERI Momen Detik detik Sirkuit Mandalika Disambar Petir,0.0,netral
1081642175157362688,2022-03-20 10:57:42+00:00,in,beneran pake pawang hujan oke,0.0,netral
853574064736149504,2022-03-20 10:57:41+00:00,en,repsol MotoGP Your fight in our home is a onor But your health is number one CHAMP INDONESIA always proud about you,0.8,positif
4854657505,2022-03-20 10:57:41+00:00,in,lagi nungguin berita tanggepan lesti terkait gp mandalika,0.0,netral
985885003,2022-03-20 10:57:41+00:00,in,RT Di Mandalika Marc Marquez udah crash berkali kali lu kapan rilis Car Crash,0.0,netral
1456911290270556163,2022-03-20 10:57:41+00:00,in,BANGSA INI MAU DIBAWA KEMANA PERADABAN MUNDUR Udah Gak Ada Dukun Yg Mumpuni Udah Mati Semua Krn Tdk ada yg Mampu Menunda Kematian Camping Penajam Hujan Mandalika Hujan Gak Ada Kapok2nya TV one,0.0,netral
1377193534361456640,2022-03-20 10:57:40+00:00,in,RT Asmara1701 Pak Anies sudah siap nonton MotoGP Mandalika bersama penonton lainnya,0.0,netral
1490870715821670401,2022-03-20 10:57:40+00:00,en,no correlation doesn t mean causation don t be stupid,-0.5562499999999999,negatif
117597117,2022-03-20 10:57:39+00:00,ja,MotoGP w,0.0,netral
1249909879071891456,2022-03-20 10:57:39+00:00,in,RT nakula Presiden Jokowi serahkan piala untuk M Oliviera sang juara MotoGP Mandalika,0.0,netral
2536834262,2022-03-20 10:57:39+00:00,in,Nonton MotoGP di Mandalika bareng Gojek SatSetPakeGojek 149,0.0,netral
1405371819561914368,2022-03-20 10:57:38+00:00,in,RT Albinsaid Alhamdulillah saya sudah pulih dan memilih menyaksikan dari tribun mandalika marquez,0.0,netral
409372768,2022-03-20 10:57:38+00:00,in,RT Hadir di Sirkuit Mandalika Ketua Umum Moeldoko Center Trisya Suherman memberi suport kepada Mario Aji pembalap indones,-0.1,negatif
105393010,2022-03-20 10:57:37+00:00,tl,Intinya saling respect aja Iya kan ngab hahaha,0.2,positif
746046072,2022-03-20 10:57:37+00:00,en,Sickening accident for Marquez Always trying to find the limit so massive respect But fear he will not keep walking away from these huge incidents motogp marcmarquez,-0.16666666666666666,negatif
19962492,2022-03-20 10:57:37+00:00,in,KTM capitalises at wet Mandalika MotoGP race as Binder brothers impress,-0.1,negatif
1328185785007308800,2022-03-20 10:57:36+00:00,in,RT tsuyoshie info terkini mblo A1 sebelum race moto gp sekarang sirkuit mandalika hujan gaes jdi apa guna nya pawang hujan di ba,0.0,netral
771332329558069249,2022-03-20 10:57:36+00:00,in,RT Jakarta Moto GP di Mandalika dihadiri penonton tribun terlihat full di race hari ini Semoga musim depan sepakbola di sini udah,0.35,positif
1327119798514442243,2022-03-20 10:57:35+00:00,in,duh masa mesti ke mandalika gue buat berguru doang,-0.3,negatif
2344392056,2022-03-20 10:57:33+00:00,in,hargailah kepercayaan seseorang maka kerpercayaan mu jugak akan di hargai orang warga 62 kebanyakan ngebully org tanpa dia sendiri sama sekali gk berguna bagi keluarganya aja,0.0,netral
430682617,2022-03-20 10:57:33+00:00,en,Motogp we dont feel confident handing over this year s project to indonesia concerning the weather Indonesia don t worry we have pawang ujan,0.5,positif
60008497,2022-03-20 10:57:33+00:00,en,Congratulations for the king of Mandalika moliveira88 and our highest appreciation for Pak Risman for his best services and dedication,1.0,positif
545592698,2022-03-20 10:57:33+00:00,in,langiittt bisa kah engkau,0.0,netral
943631029377515520,2022-03-20 10:57:32+00:00,in,RT Marv Breaking News Dikabarkan THOR telah tiba di Mandalika untuk menyaksikan Indonesia Moto GP 2022,0.0,netral
1744280418,2022-03-20 10:57:32+00:00,in,Ngeri petir e,0.0,netral
1130051992015986689,2022-03-20 10:57:32+00:00,in,dhykTa abangny gk mention kalo di islam juga ada pawang hujan kendi dupa dll masuk agama org gausah senggol juga kali,0.0,netral
1173546073224122368,2022-03-20 10:57:32+00:00,in,Kecelakaan ini malah membuat Marquez absen 3 4 bulan di MotoGP Itu dokter benaran atau dukun yg menyamar dokter sih Test Sebutkan nama pembalap yg koma berbulan bulan stlh kecelakaan di arena balap Kalau benar hadiahnya masker 1 helai,0.0,netral
2531325416,2022-03-20 10:57:31+00:00,in,riverheaven Kadrunwati monaslimin emang gitu mbak semua orang yg tadi nonton trans7 bakal tau ramenya kaya apa Kalo gak liat se gak nya bamyak yg upload foto video mandalika di semua platform twit fb ig dll,0.0,netral
243057765,2022-03-20 10:57:31+00:00,tl,Kuduna mawa si ipin atau nu di kawinan si aceng di subang,0.0,netral
309420000,2022-03-20 10:57:31+00:00,in,miris sih ngelihat beberapa replynya bahkan event international saja menghargai budaya yg ada disini kok malah banyak yg ngetawain ini jadi salah satu bentuk promosi budaya indonesia bahkan mungkin rider rider motogp bakal selalu ingat momen ini,0.0,netral
459085474,2022-03-20 10:57:30+00:00,en,And this is a special meme for you sir lt 3,0.35714285714285715,positif
1099299198489440257,2022-03-20 10:57:29+00:00,in,Jd yg perlu belajar sapa n jgn sembunyi,0.0,netral
4840446434,2022-03-20 10:57:29+00:00,in,RT Lestari Berkat Aksi Raden Roro Istiati Wulandari Istiati di tengah Sirkuit Mandalika PAWANG HUJAN INDONESIA MENDUN,0.0,netral
2416905564,2022-03-20 10:57:29+00:00,in,orang orang tbtb ngerti motogp ni pada belajar dmn ya,0.0,netral
2293229845,2022-03-20 10:57:28+00:00,in,RT Monyok Tim Jupiter Aerobatic Show Pesawat TNI AU turut memeriahkan gelaran balapan MotoGP di Sirkuit Mandalika dengan mempertun,0.0,netral
476860740,2022-03-20 10:57:27+00:00,in,Pawang hujannya di mandalika Tapi panasnya di jakarta Ketukar,0.0,netral
619877668,2022-03-20 10:57:26+00:00,in,RT Race pertama MotoGp di Sirkuit Pertamina Mandalika akhirnya sukses juga Walopun awalnya sempet khawatir karena,0.0,netral
1001244224,2022-03-20 10:57:25+00:00,in,RT Soccer LIVE MOTOGP MANDALIKA 2022,0.13636363636363635,positif
1501696595410432000,2022-03-20 10:57:25+00:00,en,good,0.7,positif
557401757,2022-03-20 10:57:25+00:00,in,Gaskeun Saya suka traffic,0.0,netral
628336289,2022-03-20 10:57:25+00:00,in,Yg mengolok malahan org indo itu sendiri Official motogp aja respect Pro dan kontra emng kalo saya lebih ke pro,0.0,netral
2536834262,2022-03-20 10:57:24+00:00,in,Nonton MotoGP di Mandalika bareng Gojek SatSetPakeGojek 148,0.0,netral
378510606,2022-03-20 10:57:24+00:00,it,RT LA VIOLENTA CADUTA DI MARC MARQUEZ Spagnolo portato in ospedale dopo l highside I DETTAGLI,0.0,netral
1443946762738167817,2022-03-20 10:57:23+00:00,in,MotoGP Ya mas sama2 sukses di balapan berikutnya,0.0,netral
1299688114613559301,2022-03-20 10:57:23+00:00,en,RT Magic from moliveira88 in delayed Mandalika masterclass IndonesianGP,0.5,positif
1498487585802690560,2022-03-20 10:57:22+00:00,en,The master,0.0,netral
705239635127963648,2022-03-20 10:57:22+00:00,in,RT saat ini kami masih blom bisa keluar sirkuit mandalika krn tdk ada bis yang mengangku,0.0,netral
1299879815022088195,2022-03-20 10:57:21+00:00,in,Mantap hujan nya deras sekali kenapa pas asap kemaren gk ada datang ke riau jadi kami gk sesak2 nafas kayak nyamuk di asepin wah parah kami gk di anggap ini giliran motogp aja ada pawang hujan nya sangat tidak ramah bintang 1 wkwkwkwkkw,0.0,netral
48314016,2022-03-20 10:57:21+00:00,in,RT Kalau persoalan seperti ini jadi bidikan masih relevan Sebab mmg ada kecenderungan bukan cuma di Lombok tren latah me,0.0,netral
2171660454,2022-03-20 10:57:20+00:00,in,Huuuhhhh makasih banget buat Iqbal dh ngirimin foto foto di Mandalika Cantiiikk banget disana,0.0,netral
800659470598565888,2022-03-20 10:57:20+00:00,in,RT Podium Juara MotoGP Mandalika Direbut Miguel Oliveira Quartararo Finis Kedua,0.0,netral
3611327426,2022-03-20 10:57:20+00:00,en,Strong exciting race Jack,0.36666666666666664,positif
1488301054139650051,2022-03-20 10:57:20+00:00,in,Ayo bu bakar terus semangatnya hanya ada di mandalika yg begini,0.0,netral
1282628462600052736,2022-03-20 10:57:20+00:00,tr,JASBJWJSJD,0.0,netral
584538735,2022-03-20 10:57:20+00:00,in,Kacau Sudah Bayar Mahal Pawang Hujan Gelaran MotoGP Mandalika Tetap Diguyur Hujan Lebat Mengundang Pawang Hujan Hukumnya Syirik Dapat Mengeluarkan dari Islam Silakan simak ini,0.0,netral
1398991668339036163,2022-03-20 10:57:19+00:00,in,Pembalap MotoGP pada nyanyi through the rain Mariah Carey dong waktu balap,0.0,netral
2536834262,2022-03-20 10:57:19+00:00,in,Nonton MotoGP di Mandalika bareng Gojek SatSetPakeGojek 147,0.0,netral
375420763,2022-03-20 10:57:19+00:00,in,2 persons going famous after Mandalika mba rara dan mas risman,0.5,positif
2431782913,2022-03-20 10:57:18+00:00,in,Berkat mbak rara quartararo nomer 2,0.0,netral
1216850038527315968,2022-03-20 10:57:18+00:00,es,adjunto pruebas,0.0,netral
1189554237622980608,2022-03-20 10:57:18+00:00,in,Gaakan bisa soalnya ga sesuai sama kepercayaan mereka padahal kepercayaan di indonesia ada 6,0.0,netral
492076141,2022-03-20 10:57:18+00:00,en,of course,0.0,netral
1017139954168795141,2022-03-20 10:57:18+00:00,pt,Cancela essa corrida,0.0,netral
384211849,2022-03-20 10:57:17+00:00,en,She have a power force like JEDI,0.0,netral
1371014072414601217,2022-03-20 10:57:16+00:00,in,RT sambat Menteri BUMN melakukan sidak fasilitas umum di area penonton sirkuit Mandalika terutama toilet umum pak,-0.03333333333333333,negatif
1387650768086339584,2022-03-20 10:57:16+00:00,in,r Iya sayangnya disana bukan orang islam doang hehe,0.0,netral
976073940111011840,2022-03-20 10:57:15+00:00,en,Good result,0.7,positif
2536834262,2022-03-20 10:57:15+00:00,in,Nonton MotoGP di Mandalika bareng Gojek SatSetPakeGojek 146,0.0,netral
1494513343088177156,2022-03-20 10:57:15+00:00,in,Terbang di Area Sirkuit Mandalika 46 Drone Dilumpuhkan Brimob,0.0,netral
1419576006847860742,2022-03-20 10:57:15+00:00,en,kimchi alright Even though science can t explain it but it s real not like Harry potter Movie Bcs this is not MOVIE,0.2,positif
1215126436110979073,2022-03-20 10:57:15+00:00,in,harusnya bawa hina ke mandalika,0.0,netral
1585571792,2022-03-20 10:57:15+00:00,in,Berjalan sukses walaupun hujan sebentar,0.0,netral
868422644546142209,2022-03-20 10:57:14+00:00,in,Lahhh iya emang salahnya dimana pertanyaan saya bang Semua takdir Allah bukan,0.0,netral
405575086,2022-03-20 10:57:14+00:00,in,30 mnit kmudian terang koh yog,0.0,netral
89699871,2022-03-20 10:57:13+00:00,in,Mungkin maksudnya naruh sirkuit di Mandalika biar pariwisata pulau Lombok rame Ternyata MotoGP ga bisa bikin pariwisata di seluruh Lombok rame Artinya event MotoGP tidak memiliki korelasi dengan peningkatan pariwisata karena pengunjung ke Lombok cuma mau nonton ga wisata,0.0,netral
832388685932793857,2022-03-20 10:57:12+00:00,en,Thanks for All Suskse terus,0.2,positif
1184521222756810752,2022-03-20 10:57:12+00:00,in,Berhasil,0.0,netral
2536834262,2022-03-20 10:57:12+00:00,in,Nonton MotoGP di Mandalika bareng Gojek SatSetPakeGojek 145,0.0,netral
339583861,2022-03-20 10:57:12+00:00,in,RT Pebalap Red Bull KTM Miguel Oliveira naik podium sebagai juara MotoGP Mandalika 2022 ditemani oleh Fabio Quartararo Monst,0.0,netral
975203100217651200,2022-03-20 10:57:12+00:00,in,Apakah perlu Tetep ujan tuh,0.0,netral
305103422,2022-03-20 10:57:11+00:00,in,RI Kalo dibayar ratusan juta gagal mencegah hujan di Mandalika termasuk kerugian Negara ga Pak,0.0,netral
47915098,2022-03-20 10:57:10+00:00,in,RT Duh tribune di Sirkuit Mandalika tampak dipenuhi sampah makanan dan minuman usai balapan selesai kumparanSPORT,-0.3,negatif
525097860,2022-03-20 10:57:10+00:00,in,The rain master Memalukan,0.0,netral
250109196,2022-03-20 10:57:10+00:00,en,When the rains is pouring down at the mandalika circuit There is Ms Rara Isti Wulandari doing the ritual and do you know what the MotoGP comment They said IT WORKED This is local wisdom in Indonesia MOTOGP IndonesiaGP MotoGPMandalika,-0.07777777777777779,negatif
854538636192174081,2022-03-20 10:57:10+00:00,in,Presiden RI Joko Widodo memberikan piala kepada pemenang MotoGP Indonesia 2022 Miguel Oliveira Fabio Quartararo amp Johann Zarco Minggu 20 3 2022 Foto Biro Pers Sekretariat Presiden IndonesianGP,0.0,netral
1160752303,2022-03-20 10:57:09+00:00,in,hahahaha tapi beneran deh karena tl lagi ramai motogp jadi kangen liat yibo balapan,0.2,positif
117574105,2022-03-20 10:57:08+00:00,in,Gue bahkan baru lihat petir yang ada efek apinya di sirkuit Mandalika Berasa ada efek Banaspatinya gitu IndonesianGP,0.0,netral
416694970,2022-03-20 10:57:08+00:00,in,Kesimpulan nya GP di Mandalika bnyak kearifan lokal yg menghibur Ga usah malu dan saya pribadi tetap bangga jd org Indonesia,0.0,netral
1114449994856128512,2022-03-20 10:57:08+00:00,in,MotoGP Indonesian GP Formula 1 Bahrain GP Coming Soon,0.0,netral
83264516,2022-03-20 10:57:08+00:00,en,Best GP ever,1.0,positif
1321613353488277506,2022-03-20 10:57:08+00:00,in,RT Sejumlah penonton di Eks Bandara Selaparang Mataram NTB berdesakkan saat antre menaiki bus angkutan khusus menuju Mandalik,0.0,netral
1452260726517772294,2022-03-20 10:57:07+00:00,in,intinya Ilmu Pengetahuan sama Kepercayaan Keimanan itu gabisa diadu gabakal ketemu logikanya Satu pakai akal satu pakai hati Intinya jalanin aja dua2nya kalo ada keyakinan yang penting jangan saling menganggap bodoh aja,0.0,netral
1118308465594617857,2022-03-20 10:57:07+00:00,in,MotoGP Aku badmood sehatian liat tayangan dia jatuh terjungkal terputar putar cepet sembuh marc,0.0,netral
2536834262,2022-03-20 10:57:06+00:00,in,Nonton MotoGP di Mandalika bareng Gojek SatSetPakeGojek 144,0.0,netral
1106399899480801280,2022-03-20 10:57:06+00:00,in,serba serbi MotoGP,0.0,netral
1027244607833165824,2022-03-20 10:57:05+00:00,in,1997 MotoGP Sentul 1998 Presiden Soeharto Mundur 2022 MotoGP Mandalika 2023 If You Know You Know cc Uda Jajang aja,0.0,netral
1073240848710520832,2022-03-20 10:57:04+00:00,in,pawang ujan GP mandalika keknya bakal go inter ni,0.0,netral
64640968,2022-03-20 10:57:04+00:00,en,Racing moliveira88 Congratz,0.0,netral
99057722,2022-03-20 10:57:04+00:00,und,Cokkk,0.0,netral
1340755767746572294,2022-03-20 10:57:04+00:00,pt,S acordei s 7 para o MotoGp mas depois aquilo nunca mais come ava e voltei a adormecer,0.0,netral
2148406676,2022-03-20 10:57:04+00:00,in,Nanti kalau masuk SPJ an ditulis apa ya yakali dana pawang hujan,0.0,netral
109708962,2022-03-20 10:57:04+00:00,in,Sampai ketemu taun depan dor,0.0,netral
2395440439,2022-03-20 10:57:03+00:00,in,RT Uang yang dihabiskan negara untuk MotoGP Mandalika setara dengan anggaran Kartu Indonesia Pintar Kuliah KIP K untuk 200 rib,0.0,netral
1234216316757655552,2022-03-20 10:57:03+00:00,in,LORD FUNDICK WKWKWWKWKW,0.0,netral
359403464,2022-03-20 10:57:03+00:00,el,otoGP Grand Prix,0.5,positif
238200793,2022-03-20 10:57:03+00:00,en,Cool,0.35,positif
2536834262,2022-03-20 10:57:02+00:00,in,Nonton MotoGP di Mandalika bareng Gojek SatSetPakeGojek 143,0.0,netral
920931392,2022-03-20 10:57:02+00:00,in,Waktu masih kecil yang paling ditunggu pas nonton MOTOGP ya kalau ada yg crash Semakin beruntun semakin seru,0.0,netral
1503608580603203584,2022-03-20 10:57:02+00:00,in,HALOO proses 2 3 menit kaak spo anti bf inplan famplan ppj no fee 15k 10k bulan netflix anti on hold 20k yt appmus canva dll dana gopay ovo spay bri qris bank linkaja pulsa 5k legal bergaransi bisa akun sendiri ada WA,0.2,positif
1495776992461209603,2022-03-20 10:57:02+00:00,en,Of course this is indonesiaa,0.0,netral
185389996,2022-03-20 10:57:02+00:00,es,Motor Ferm n Aldeguer suma sus primeros puntos en un GP de Indonesia accidentado v a,0.0,netral
1242817282956349440,2022-03-20 10:57:01+00:00,en,RT Aditt That s Thor he wants to watch the Mandalika GP live,0.16818181818181818,positif
1005972235192975360,2022-03-20 10:57:00+00:00,en,RT Marv Preview Thor Love amp Thunder Thor landing in Mandalika circuit,0.5,positif
1483096973091938306,2022-03-20 10:57:00+00:00,in,Kekuatan,0.0,netral
1033940986169155586,2022-03-20 10:56:59+00:00,in,BNPB Bagikan Ribuan Paket Prokes ke Penonton MotoGP,0.0,netral
1122160169918447616,2022-03-20 10:56:58+00:00,in,Ngeliat cuplikan moto gp di mandalika ngakak terus yaampun tingkah2 indonesia ku,0.0,netral
1193756185272283139,2022-03-20 10:56:57+00:00,in,Timeline isinya MotoGP semua,0.0,netral
85518308,2022-03-20 10:56:56+00:00,in,RT Berikut sosok Risman yang disebut sebut oleh Miguel Oliveira usai memenangi MotoGP Mandalika kumparanSPORT,0.0,netral
2536834262,2022-03-20 10:56:56+00:00,in,Nonton MotoGP di Mandalika bareng Gojek SatSetPakeGojek 142,0.0,netral
815465715553554432,2022-03-20 10:56:56+00:00,in,Setahu saya kejadian hujan dan pawang di ajang motogp sudah sangat sering terjadi di dunia ini jd,0.0,netral
96958263,2022-03-20 10:56:56+00:00,en,Yeqiva shirt 4 9 Link FYP fyp anime ONEPIECE1043 MotoGP IndonesianGP AllEngland2022 LoveStory,0.0,netral
2500346192,2022-03-20 10:56:56+00:00,in,RT Menurut Erick Thohir salah satu keunggulan pariwisata adalah sektor ini memiliki dampak berganda yg signifikan Cthnya selama,0.0,netral
1125850927003422720,2022-03-20 10:56:55+00:00,tl,Hey it worked lo katanya,0.0,netral
740845357530238976,2022-03-20 10:56:55+00:00,es,As fue la dur sima ca da de en el IndonesianGP Un golpe muy fuerte que no le ha permitido correr la carrera de MotoGP aunque unas horas m s tarde nos ha dicho que est bien en DAZN Mucho nimo,0.0,netral
48314016,2022-03-20 10:56:54+00:00,in,RT Itu memang sempat dibidik Perhimpunan Hotel dan Restoran Indonesia Sorotan seperti ini realistis dan mmg dibutuhkan publik,0.0,netral
820815388053295105,2022-03-20 10:56:54+00:00,en,RT And with that the IndonesianGP leaves its mark on the World Championship moliveira88 becomes the first ever MotoGP wi,0.25,positif
1253672024121040896,2022-03-20 10:56:54+00:00,in,Ngga juga Inilah kearifan lokal yg kita punya,0.0,netral
1296867706042384384,2022-03-20 10:56:54+00:00,in,Gak tau sih Harus BANGGA atau Malu coba deh lihat marquez rossi pawang hujan mandalika motopGp,0.0,netral
1121720149336150016,2022-03-20 10:56:53+00:00,in,Nah wkwk,0.0,netral
746645375352606720,2022-03-20 10:56:52+00:00,in,WKWKWKWKWKKWWKWK,0.0,netral
885189473083867136,2022-03-20 10:56:52+00:00,tl,Hhahaha,0.0,netral
2536834262,2022-03-20 10:56:52+00:00,in,Nonton MotoGP di Mandalika bareng Gojek SatSetPakeGojek 141,0.0,netral
1161952957417414657,2022-03-20 10:56:51+00:00,in,Ini mah orang mau nonton konser di mandalika Di tribun mah sepi,0.0,netral
54554699,2022-03-20 10:56:51+00:00,in,kuyup mau nontonin beb malah gak jadi balapan doi tenang gais udah gw sampein ke Pakde klo MotoGP sukses Konser KPop kudu bisa,0.0,netral
1433820100285526018,2022-03-20 10:56:51+00:00,en,MotoGP Mandalika was struck by lightning and made the event had to be stopped due to heavy rain and they called Pawang Hujan Pawang mandalikaGP MotoGP,-0.1625,negatif
797643542164172800,2022-03-20 10:56:51+00:00,in,Knp harus malu itu sebagian dr trdisi kita,0.0,netral
1084489065955618816,2022-03-20 10:56:50+00:00,in,iya nih dipenuhi dgn mandalika,0.0,netral
71995583,2022-03-20 10:56:50+00:00,in,Miguel Oliveira Juara MotoGP Mandalika Jokowi Serahkan Trofi,0.0,netral
2500346192,2022-03-20 10:56:50+00:00,in,RT Halff Menteri BUMN mengeklaim event yang berlangsung pada 18 20 Maret tersebut berhasil memba,0.0,netral
886075770,2022-03-20 10:56:50+00:00,in,RT Raden Rara Isti Wulandari atau yang kerap disapa Mba Rara seorang pawang hujan Ia diminta secara khusus oleh pihak Sirkuit,0.0,netral
1384616750,2022-03-20 10:56:49+00:00,in,Saya pribadi sangat sangat malu dengan dunia yg mengolok olok acara motogp di mandalika dgn aksi pawang hujan biadab peliharaannya istana negara Apakah presiden dan wapres serta semua jajarannya tdk beragama Itu saja pertanyaan saya memalukan LuhutJokowiMakarKonstitusi,0.0,netral
1502320213005848579,2022-03-20 10:56:49+00:00,in,well menganggap budaya kepercayan orang memalukan bukannya malah kebalik Kenapa semua dipermasalahkan oleh kalian dengan membawa bawa agama mu,0.0,netral
981824201056075776,2022-03-20 10:56:49+00:00,cs,RT new9 M R r P w ng Huj n D r B P n Ind n Ind hn Al m B r n k R g m Ad t n Bud W f I T,0.0,netral
318839198,2022-03-20 10:56:48+00:00,in,Lah wes bubar motoGP Biasane bar maghrib Lali nek neng mandalike wkakakak,0.0,netral
1321613353488277506,2022-03-20 10:56:48+00:00,in,RT Ampe resmi diposting MotoGP komennya cuma themaster Mak motogp mandalika,0.0,netral
2536834262,2022-03-20 10:56:47+00:00,in,Nonton MotoGP di Mandalika bareng Gojek SatSetPakeGojek 140,0.0,netral
1500646565052321793,2022-03-20 10:56:47+00:00,in,pintar ya lagi hujan NFT Buzzer mandalika semakin banyak nangkalnya shaman,0.0,netral
121082311,2022-03-20 10:56:47+00:00,da,SA MotoGP,0.0,netral
292806411,2022-03-20 10:56:46+00:00,in,RT indo Keberhasilan GP Indonesia ini bakal jadi jalur pembuka untuk ajang balap internasional lainnya untuk mampir ke Mandalika,0.0,netral
1535868954,2022-03-20 10:56:46+00:00,in,Hamdalah invoice cair,0.0,netral
317683077,2022-03-20 10:56:45+00:00,in,RT 17 Pawang hujan di sirkuit Mandalika kehujanan,0.0,netral
2915532115,2022-03-20 10:56:44+00:00,in,Bersyukurlah tdk kesamber gledek Apapun semua perlu preparasi yg baik,0.0,netral
1302442354331148290,2022-03-20 10:56:44+00:00,en,Congratulations for ur 1st podium in wet race What a great battle man Lov ya,0.35000000000000003,positif
1887410809,2022-03-20 10:56:43+00:00,in,Eih mantab kali itu petir yah,0.0,netral
222977012,2022-03-20 10:56:42+00:00,en,for me it s just for entertaining even it works or not luckyly the God make it works,0.5,positif
225749434,2022-03-20 10:56:42+00:00,ru,MotoGP IndonesianGP MotoGP,0.0,netral
1147011984899989505,2022-03-20 10:56:41+00:00,in,Ini bakal jadi ceritaan ke sanak saudara para pembalap indonesia ternyata punya ilmu supaya hujan berhenti dn anehnya banjir mulu,0.0,netral
216423173,2022-03-20 10:56:40+00:00,in,habis liat motogp di yutub mikir aja sih kok msh ada air menggenang di beberapa titik dalam lintasan,0.0,netral
98788480,2022-03-20 10:56:39+00:00,und,cygn,0.0,netral
1194999892378148864,2022-03-20 10:56:39+00:00,in,motogp dikaitkan ke politik ke agama dah lah mau maju gimana negara ini kalo orangnya aja masih pikir sempit,0.0,netral
589727646,2022-03-20 10:56:39+00:00,in,Master apaaan,0.0,netral
1256485136,2022-03-20 10:56:38+00:00,en,Wtf Thor,-0.5,negatif
2536834262,2022-03-20 10:56:38+00:00,in,Nonton MotoGP di Mandalika bareng Gojek SatSetPakeGojek 139,0.0,netral
335931158,2022-03-20 10:56:38+00:00,in,Sidin kada kawa dipandiri luku luput kaina,0.0,netral
4133320399,2022-03-20 10:56:38+00:00,in,sangat benar,0.0,netral
1325845605382455296,2022-03-20 10:56:37+00:00,und,Gws,0.0,netral
1053854530771738625,2022-03-20 10:56:37+00:00,in,ujan di kota gua keknya dari mandalika deh,0.0,netral
513548999,2022-03-20 10:56:36+00:00,in,Mantra pasang hujan di mandalika,0.0,netral
905314956316311552,2022-03-20 10:56:36+00:00,in,Langit bisakah kah kau turunkan hujan,0.0,netral
243044234,2022-03-20 10:56:35+00:00,in,Budaya Magis Indonesia mendunia nh,0.0,netral
1470581097419268097,2022-03-20 10:56:35+00:00,in,jujur ini tadi pas masuk tv lawak banget tapi abis tu beneran terang,0.0,netral
1463152119221874693,2022-03-20 10:56:35+00:00,in,ar sebentar Itu tata cara di islamnya Bisa aja yg dilakuin di mandalika cara kepercayaan mereka Terus apakah kita harus menertawakan kepercayaan mereka Sedangkan kita sendiri masih tersinggung jika agama kita ditertawaka Gimana kalo orang orang itu menertawakan sholat kita,0.0,netral
470849462,2022-03-20 10:56:34+00:00,in,Sumpah ya apa gw doang yang tadi pas motogp mulai trs terharu kaya keren bgt mandalika yaallah bangga bgt sampe netes air mata dikit,0.0,netral
2536834262,2022-03-20 10:56:34+00:00,in,Nonton MotoGP di Mandalika bareng Gojek SatSetPakeGojek 138,0.0,netral
1481258919603638275,2022-03-20 10:56:34+00:00,in,Tweet terbaru Sempat Diguyur Hujan Miguel Oliveira Menangkan MotoGP Mandalika,0.0,netral
1309694906353332224,2022-03-20 10:56:34+00:00,in,Emoticonnya pun indo banget,0.0,netral
1270744238561439744,2022-03-20 10:56:33+00:00,in,RT dumdum Ngerih ternyata diam diam datang ke Mandalika dan diteriaki oleh penonton IndonesianGP,0.0,netral
1297177103184482305,2022-03-20 10:56:32+00:00,in,RT dekna Wisatawan yg berkunjung ke Mandalika akan mengeluarkan dana utk kebutuhan tempat tinggal makanan hingga transportasi,0.0,netral
1336944373020327936,2022-03-20 10:56:31+00:00,in,Presiden Jokowi Ucap Selamat dan Terima Kasih atas Suksesnya MotoGP Mandalika,0.0,netral
2536834262,2022-03-20 10:56:31+00:00,in,Nonton MotoGP di Mandalika bareng Gojek SatSetPakeGojek 137,0.0,netral
861013810408071168,2022-03-20 10:56:30+00:00,in,Ini yang dinamakan budaya Lokal Go Internasional,0.0,netral
1462635134562283520,2022-03-20 10:56:30+00:00,fr,C est mon meilleur podium Je me suis jamais senti aussi bien sous la pluie FabioQ20 hyper satisfait de sa superbe performance notre micro IndonesianGP MotoGP,0.0,netral
2500346192,2022-03-20 10:56:30+00:00,in,RT MotoGP 2022 Mandalika tak hanya ttg balapan saja ini bs dijadikan momentum utk mengenalkan Indonesia di mata dunia baik dr,0.0,netral
1412305262,2022-03-20 10:56:30+00:00,in,Terimahkasih bapak Presiden kami sangat bahagia dengan hadirnya Moto GP di Mandalika,0.0,netral
416131100,2022-03-20 10:56:29+00:00,in,alasan knp banyak rider yg lowside krn pas masuk tikungan ga klakson 3 kali,0.0,netral
2355759462,2022-03-20 10:56:29+00:00,in,RT Presiden Jokowi dan Ibu Iriana Jokowi menyaksikan dimulainya balapan MotoGP di Sirkuit Mandalika Minggu 20 Maret 2022 ht,0.0,netral
1489793446223118341,2022-03-20 10:56:29+00:00,in,bahan ketawaan NDASMU,0.0,netral
554213124,2022-03-20 10:56:29+00:00,in,ada yg gacha raiden shogun,0.0,netral
960068352,2022-03-20 10:56:28+00:00,in,RT MANDALIKA ITU PROYEK SEJAK ZAMAN SUHARTO Lalu kenapa cebong bilang itu keberhasilan Jokowi JokowiHarusDimakzulkan,0.0,netral
561771561,2022-03-20 10:56:28+00:00,in,RT Saat beberapa gubernur lain atraksi di mandalika Pak Gub yang punya wilayah cukup menatapnya dari kejauhan,0.0,netral
526953767,2022-03-20 10:56:28+00:00,in,RT WAHAY KADRUN TERSUCI WKWKWKWKWKWK Lu Hujat Mbakyu Pawang Ujan Tapi langit Mandalika auto cerah Kalau Lu pada d,0.0,netral
2366995982,2022-03-20 10:56:28+00:00,en,This is Gledek IndonesianGP,0.0,netral
1241979420,2022-03-20 10:56:27+00:00,in,kasihan banget penonton moto gp mandalika beli tiket mahal2 cuma buat nonton pawang hujan,0.0,netral
1353557026744332288,2022-03-20 10:56:27+00:00,in,Ngakak brutal,-0.875,negatif
1130051992015986689,2022-03-20 10:56:27+00:00,in,dhykTa agama import mau musnahin kearifan lokal,0.0,netral
944551919514615809,2022-03-20 10:56:27+00:00,in,RT Asmara1701 Pak telah tiba di Sirkuit Mandalika,0.0,netral
1056477226563076097,2022-03-20 10:56:26+00:00,in,Yg begini nih yg sok sokan berpendidikan Wkwkwk miris Najis,0.0,netral
1496467470831747075,2022-03-20 10:56:26+00:00,in,Pemerintah mendorong usaha ekonomi kreatif lokal di Pulau Lombok dalam event MotoGP Mandalika SukseskanMotoGPNKRI DukungPerbaikanEkonomiRI,0.0,netral
2536834262,2022-03-20 10:56:26+00:00,in,Nonton MotoGP di Mandalika bareng Gojek SatSetPakeGojek 136,0.0,netral
2156106283,2022-03-20 10:56:25+00:00,in,Wong indo cen sangar sangar dab,0.0,netral
1057325726205018112,2022-03-20 10:56:25+00:00,in,Da dibilang dukun indonesia hana lawan,0.0,netral
1285633500352098304,2022-03-20 10:56:24+00:00,in,Sma ak jg bsa testi bnyk tanya,0.0,netral
1505227186995097600,2022-03-20 10:56:24+00:00,und,MotoGP,0.0,netral
174889605,2022-03-20 10:56:22+00:00,en,master of ceremony,0.0,netral
2536834262,2022-03-20 10:56:22+00:00,in,Nonton MotoGP di Mandalika bareng Gojek SatSetPakeGojek 135,0.0,netral
1395899045835513857,2022-03-20 10:56:22+00:00,in,sejujurnya aku juga ngerasa agak aneh acara motogp pake pawang hujan tapi itu ya terserah panitia sih kalau pun tetep mau pake pawang hujan setidaknya sediain tempat khusus yg ga bisa diakses banyak orang kalau begini apalagi sampe diliput media malah ngebahayain si pawang,0.0,netral
1106549520815448066,2022-03-20 10:56:21+00:00,in,Sudah gua duga bapak gua pulang pulang nanyain MotoGP,0.0,netral
1376601471899213825,2022-03-20 10:56:20+00:00,in,Kalo punya jurus memberhentikan hujan aku juga punya jurus biar nahan berak sumpah kalo ini ngga memalukan dan sangat manjur yaitu cukup pake 3 batu lalu du sakuin Selamat mencoba,0.0,netral
1483473359619117058,2022-03-20 10:56:20+00:00,in,gue ngakak ngelihat marquez dibonceng motor vario di sirkuit Mandalika gemes anjerr,0.0,netral
1236943029836984327,2022-03-20 10:56:19+00:00,in,Admin bola kok ngurusin motogp ya gk nyambung prettr,0.0,netral
1362014894321664002,2022-03-20 10:56:19+00:00,in,RT LIVE Suasana terkini jelang Race MotoGP di Sirkuit Mandalika Cuaca dari terang menjadi gelap gulita via Indo,0.13636363636363635,positif
2816641723,2022-03-20 10:56:19+00:00,in,Kadrun banyak yg stroke ne IndonesianGP MotoGPMandalika IndonesiaMaju,0.0,netral
102869068,2022-03-20 10:56:19+00:00,in,Agak syok sm kehadiran pawang hujan di sirkuit Indonesia bisaan bikin sejarah baru di motoGP,0.0,netral
68086511,2022-03-20 10:56:18+00:00,in,tapi motogp ngmg it worked eh,0.0,netral
2431537254,2022-03-20 10:56:18+00:00,in,bmkg ketar ketirr,0.0,netral
1312445368471224321,2022-03-20 10:56:17+00:00,in,Malu sama pawang hujan liat awan bentuknya mirip diaminin Ulala,0.0,netral
2536834262,2022-03-20 10:56:17+00:00,in,Nonton MotoGP di Mandalika bareng Gojek SatSetPakeGojek 134,0.0,netral
3246153157,2022-03-20 10:56:16+00:00,in,Malah saksinya jutaan org yg nonton live MotoGP,0.13636363636363635,positif
1260282976891310081,2022-03-20 10:56:16+00:00,in,Upss,0.0,netral
18071520,2022-03-20 10:56:15+00:00,in,Saya kira ini event jangka panjang tahun depan akan kita perbaiki lagi apabila ada kekurangan kekurangan Yang jelas saya ingin menyampaikan selamat kepada semuanya Selamat kata Jokowi MotoGP MotoGPMandalika,0.0,netral
1341394021005078535,2022-03-20 10:56:15+00:00,in,RT kampai Ternyata ada tontonan menarik di sirkuit Mandalika lebih menarik dari perhelatan MotoGP itu sendiri Acara klenik pawa,0.0,netral
1085029572767232000,2022-03-20 10:56:15+00:00,in,MotoGP final semua inggris F1 el clasico mantab ni hari,0.0,netral
1133798671651184641,2022-03-20 10:56:15+00:00,in,ini lah mengapa negara lain takut sama Indonesia,0.0,netral
2500346192,2022-03-20 10:56:15+00:00,in,RT Menteri BUMN Erick Thohir mengeklaim event MotoGP yang berlangsung pada 18 20 Maret tersebut berhasil membawa dampak positif,0.0,netral
938644149183561729,2022-03-20 10:56:14+00:00,in,Mage nya indonesiaa ini bosss,0.0,netral
1253605034756997120,2022-03-20 10:56:14+00:00,in,RT Nikah beda agama diributin banyak kursi kosong di mandalika diributin pawang hujan diributin Orang orang susah bange,0.0,netral
1005972235192975360,2022-03-20 10:56:13+00:00,en,whoa they rly called,0.0,netral
1298928610225471488,2022-03-20 10:56:13+00:00,in,Wouw luar biasa Bisakah Formula E seperti ini Salut buat pak Presiden Jokowi,0.0,netral
2536834262,2022-03-20 10:56:13+00:00,in,Nonton MotoGP di Mandalika bareng Gojek SatSetPakeGojek 133,0.0,netral
1503608580603203584,2022-03-20 10:56:12+00:00,in,Adaa kk,0.0,netral
1481180925858033668,2022-03-20 10:56:11+00:00,in,RT N4bil5 Bukan kaleng kaleng Sirkuit International Mandalika sudah mengantongi sertifikat dgn grade A melalui proses homologasi,0.0,netral
2253470226,2022-03-20 10:56:11+00:00,en,RT Hello MotoGP fans Find similarities and differences between Marc Marquez from Spain amp Indonesia The best 100 commentators,1.0,positif
4656725798,2022-03-20 10:56:11+00:00,in,RT dumdum Ini langsung dari Mandalika Kalau full begini tribunnya mereka para bandit itu mau ngomong apa lagi Matanya buta atau,0.35,positif
233866915,2022-03-20 10:56:11+00:00,in,Waduh dibully kasian maksudnya bang begini momennya pas banget kamera tersebut ditampilin di TV cuma 3 detik setelah pindah kamera komentator pun kaget what,0.0,netral
1393598260934168579,2022-03-20 10:56:10+00:00,in,BEGO Ngapain hrs ke bulan klu semesta alam ada di genggaman tangan,0.0,netral
1656405156,2022-03-20 10:56:10+00:00,in,Gitulah kalau big boss Mandalika dari Jakarta Ngga lihat tuh NTB ngeri aja Gempa,0.0,netral
1292278585659551747,2022-03-20 10:56:09+00:00,in,fyp isinya pawang hujan mandalika,0.0,netral
1178779289438887936,2022-03-20 10:56:09+00:00,it,MotoGP Quartararo In Indonesia grande podio GP Argentina sar il pi duro dell anno Il campione del mondo uscente si gode il secondo posto in Indonesia Ottimo risultato viste le condizioni non ero mai saluto sul podio dopo una gara sul bagnato,0.0,netral
1239919987227127808,2022-03-20 10:56:08+00:00,in,Tragedi MotoGP Mandalika 2022 Marquez Diangkut Helikopter ke RS Pembalap KTM Tercepat di Lintasan MotoGPMandalika marcmarquez,0.0,netral
1246716940594249728,2022-03-20 10:56:08+00:00,en,Thought it was a joke,0.0,netral
142909924,2022-03-20 10:56:08+00:00,in,RT Uang negara Rp 2 5 T demi MotoGP Mandalika Pawang hujan dibayar ratusan juta,0.0,netral
1215816029567275009,2022-03-20 10:56:07+00:00,ja,MOTOGP MOTO2 GASGAS Asper Team JakeDIXSON o GASGAS 1 9 3 3 31,0.0,netral
58109767,2022-03-20 10:56:07+00:00,in,Baik GP Mandalika maupun Formula E sama2 proyek mercu suar,0.0,netral
2536834262,2022-03-20 10:56:06+00:00,in,Nonton MotoGP di Mandalika bareng Gojek SatSetPakeGojek 132,0.0,netral
933336126860902400,2022-03-20 10:56:06+00:00,in,Pinter banget kak boleh diam aja,0.0,netral
928973612,2022-03-20 10:56:06+00:00,in,Turut prihatin atas musibah yang menimpa pembalap Marquez di Sirkuit Mandalika semoga dapat tertangani kondisi kritisnya,0.0,netral
2621216302,2022-03-20 10:56:05+00:00,en,live Where now Home,0.13636363636363635,positif
1449334598706495493,2022-03-20 10:56:05+00:00,in,Sekolah terlalu tinggi masih percaya zodiak,0.0,netral
3726655694,2022-03-20 10:56:05+00:00,in,RT Percaya atau engga ternyata ini GAJI pawang hujan mandalika coba tebak kira2 berapa tuh Sumber FB cahaya tarot ht,0.0,netral
3908639473,2022-03-20 10:56:05+00:00,in,RT dumdum Bangga Mandalika bangga Indonesia IndonesianGP Sepi banget ya MotoGP Mandalika,0.0,netral
